"week","weekly_total","weekly_inf1","weekly_inf2","weekly_inf3","weekly_inf4","weekly_p1","weekly_p2","weekly_p3","weekly_p4","weekly_y1","weekly_y2","weekly_y3","weekly_y4","date"
0,9,7,0,0,2,0.777777777777778,0,0,0.222222222222222,147.633244657105,3.87400360420978,3.35177576722201,57.4331451956134,2000-01-01
1,6,5,0,0,1,0.833333333333333,0,0,0.166666666666667,179.142198062971,2.93706299859117,6.56059960701419,66.4215420280843,2000-01-08
2,5,3,0,1,1,0.6,0,0.2,0.2,191.087964172959,1.63457183051003,6.35022407380513,56.6088747819597,2000-01-15
3,12,10,0,1,1,0.833333333333333,0,0.0833333333333333,0.0833333333333333,179.996860830038,0.8515567312725,4.35259323760504,48.4993812067322,2000-01-22
4,7,6,0,0,1,0.857142857142857,0,0,0.142857142857143,159.700408330875,0.428024164767885,5.53795917029886,40.0344901602908,2000-01-29
5,5,2,0,1,2,0.4,0,0.2,0.4,157.269968956324,0.210821082748439,12.8792213533044,32.8676182543424,2000-02-05
6,6,5,0,0,1,0.833333333333333,0,0,0.166666666666667,163.739686620683,0.102619462516718,15.1248582479493,30.2996974258601,2000-02-12
7,5,4,0,1,0,0.8,0,0.2,0,155.799064203706,0.0496028244424383,15.873855783231,34.647317844011,2000-02-19
8,9,5,0,4,0,0.555555555555556,0,0.444444444444444,0,136.776276626888,0.0238761412958597,15.2794279730693,35.0672750161475,2000-02-26
9,5,4,0,1,0,0.8,0,0.2,0,131.586181205586,0.0114637476708063,17.9463592989075,28.6098102499962,2000-03-04
10,7,6,0,1,0,0.857142857142857,0,0.142857142857143,0,131.363547329494,0.00549575887996418,31.6826226008508,18.6630088576251,2000-03-11
11,9,5,0,1,3,0.555555555555556,0,0.111111111111111,0.333333333333333,140.579496502107,0.00263226162184001,50.2219237650234,10.6065358242464,2000-03-18
12,5,2,0,3,0,0.4,0,0.6,0,146.792366226816,0.00126005372495313,53.3230031241136,8.66570555443951,2000-03-25
13,11,8,0,2,1,0.727272727272727,0,0.181818181818182,0.0909090909090909,158.244244905192,0.000602980883087987,49.1022338021551,23.3665303491702,2000-04-01
14,12,7,0,1,4,0.583333333333333,0,0.0833333333333333,0.333333333333333,152.537822148044,0.000288489831981917,56.3571983992137,30.0108883243421,2000-04-08
15,13,7,1,5,0,0.538461538461538,0.0769230769230769,0.384615384615385,0,161.595493157927,0.00013800823640523,65.2929362110868,28.9242510357404,2000-04-15
16,12,6,0,4,2,0.5,0,0.333333333333333,0.166666666666667,188.409342122811,0.705723193291134,63.379749926377,40.9062835464884,2000-04-22
17,18,9,0,7,2,0.5,0,0.388888888888889,0.111111111111111,207.315736837746,6.69554388990968,74.6566527232142,54.4387973913724,2000-04-29
18,23,12,0,8,3,0.521739130434783,0,0.347826086956522,0.130434782608696,218.087341413581,10.0114149444271,98.8281843167414,54.802176844976,2000-05-06
19,19,8,1,9,1,0.421052631578947,0.0526315789473684,0.473684210526316,0.0526315789473684,246.012946739379,7.89098816583552,126.886515117836,57.9926704857747,2000-05-13
20,30,13,1,12,4,0.433333333333333,0.0333333333333333,0.4,0.133333333333333,297.527891837586,5.18435518848988,175.354164071601,73.2895923718957,2000-05-20
21,29,7,1,17,4,0.241379310344828,0.0344827586206897,0.586206896551724,0.137931034482759,313.390261582194,8.98052462629997,239.671704828459,75.3126809277764,2000-05-27
22,36,12,4,14,6,0.333333333333333,0.111111111111111,0.388888888888889,0.166666666666667,324.015242491793,18.4566266662465,305.060130607681,72.0474337853931,2000-06-03
23,36,15,2,17,2,0.416666666666667,0.0555555555555556,0.472222222222222,0.0555555555555556,331.193558606342,28.363676393026,367.842927637779,90.4161711297153,2000-06-10
24,44,12,4,24,4,0.272727272727273,0.0909090909090909,0.545454545454545,0.0909090909090909,350.679330235195,48.1892380681066,424.773236979815,117.867240090868,2000-06-17
25,52,21,1,26,4,0.403846153846154,0.0192307692307692,0.5,0.0769230769230769,375.816621512016,64.7408832873966,474.126536870366,129.724860811025,2000-06-24
26,44,12,4,23,5,0.272727272727273,0.0909090909090909,0.522727272727273,0.113636363636364,394.923305292882,79.9876723793566,531.794322210329,120.289537697871,2000-07-01
27,45,11,4,23,7,0.244444444444444,0.0888888888888889,0.511111111111111,0.155555555555556,427.630802006209,78.8888805275905,611.438878499984,121.813730790278,2000-07-08
28,43,14,1,23,5,0.325581395348837,0.0232558139534884,0.534883720930233,0.116279069767442,453.413324892682,75.3964430484317,660.37906031472,125.210570091909,2000-07-15
29,65,15,8,33,9,0.230769230769231,0.123076923076923,0.507692307692308,0.138461538461538,422.111703399438,82.6025347317168,666.266566816399,142.510261802868,2000-07-22
30,46,18,3,23,2,0.391304347826087,0.0652173913043478,0.5,0.0434782608695652,391.180407201913,86.775859651843,655.40922885159,158.137574830404,2000-07-29
31,53,13,4,30,6,0.245283018867925,0.0754716981132075,0.566037735849057,0.113207547169811,375.852704827626,99.3530991554758,685.439266320097,163.684071177737,2000-08-05
32,60,17,2,31,10,0.283333333333333,0.0333333333333333,0.516666666666667,0.166666666666667,390.552410837153,110.040247222479,687.053480715733,152.998502145193,2000-08-12
33,57,21,2,32,2,0.368421052631579,0.0350877192982456,0.56140350877193,0.0350877192982456,372.945198726253,103.6213398377,676.948599646613,135.629742373286,2000-08-19
34,57,20,3,30,4,0.350877192982456,0.0526315789473684,0.526315789473684,0.0701754385964912,365.272017141537,90.6891501210731,676.677572430937,141.68161075016,2000-08-26
35,37,10,1,20,6,0.27027027027027,0.027027027027027,0.540540540540541,0.162162162162162,386.138427610126,71.4583059372379,672.252824651967,142.873481727814,2000-09-02
36,53,10,6,29,8,0.188679245283019,0.113207547169811,0.547169811320755,0.150943396226415,404.164556038242,63.5479079297105,666.746893593359,124.687520126246,2000-09-09
37,59,17,1,37,4,0.288135593220339,0.0169491525423729,0.627118644067797,0.0677966101694915,364.936936142625,54.5938309369282,612.398054717865,112.482492338868,2000-09-16
38,44,15,2,23,4,0.340909090909091,0.0454545454545455,0.522727272727273,0.0909090909090909,305.626401941987,58.9030523553217,563.774803729218,110.621230279519,2000-09-23
39,39,10,2,25,2,0.256410256410256,0.0512820512820513,0.641025641025641,0.0512820512820513,272.031485393979,59.3483227030084,562.219784331229,106.721537233278,2000-09-30
40,46,8,1,33,4,0.173913043478261,0.0217391304347826,0.717391304347826,0.0869565217391304,264.527595266982,49.5493264000237,545.96743525824,92.6070934401426,2000-10-07
41,33,8,2,21,2,0.242424242424242,0.0606060606060606,0.636363636363636,0.0606060606060606,248.930344406937,41.9262784842065,512.598971353361,77.2152379665058,2000-10-14
42,41,7,4,26,4,0.170731707317073,0.0975609756097561,0.634146341463415,0.0975609756097561,214.14596109209,34.6806204343683,492.429055464966,66.7759036610949,2000-10-21
43,29,7,0,18,4,0.241379310344828,0,0.620689655172414,0.137931034482759,181.851733686042,30.0137415132762,474.866326317726,59.7801746550664,2000-10-28
44,25,3,2,18,2,0.12,0.08,0.72,0.08,157.740047021519,30.8529825749415,438.529559511007,57.74059935072,2000-11-04
45,24,6,0,18,0,0.25,0,0.75,0,144.871382408173,34.2009676368429,409.629994323975,59.0497070083732,2000-11-11
46,29,2,0,22,5,0.0689655172413793,0,0.758620689655172,0.172413793103448,119.638034404526,31.8044583974468,372.534763255336,56.765994714878,2000-11-18
47,15,1,0,10,4,0.0666666666666667,0,0.666666666666667,0.266666666666667,103.383726422043,26.3080072181251,352.415122071282,46.9928311717111,2000-11-25
48,26,2,0,21,3,0.0769230769230769,0,0.807692307692308,0.115384615384615,90.9131410782914,17.5717515854335,353.964395336894,46.2071500407143,2000-12-02
49,19,1,1,11,6,0.0526315789473684,0.0526315789473684,0.578947368421053,0.315789473684211,67.6892679995728,10.1270960268717,335.034008218862,53.7001764713845,2000-12-09
50,24,1,1,18,4,0.0416666666666667,0.0416666666666667,0.75,0.166666666666667,50.2740667214293,6.03743850543821,323.036656589064,60.7778691994797,2000-12-16
51,26,7,0,16,3,0.269230769230769,0,0.615384615384615,0.115384615384615,41.828987597664,6.93223700445962,319.041725852472,72.5852168640813,2000-12-23
52,19,3,0,15,1,0.157894736842105,0,0.789473684210526,0.0526315789473684,34.8421670211307,8.48359406575842,314.166691317042,84.4132585112123,2000-12-30
53,20,2,3,12,3,0.1,0.15,0.6,0.15,49.7555043287921,10.2330514466489,306.077326814647,84.7791883026139,2001-01-06
54,18,1,1,12,4,0.0555555555555556,0.0555555555555556,0.666666666666667,0.222222222222222,70.7061840885817,10.0574087471072,312.790505600669,70.8048574756519,2001-01-13
55,17,4,0,7,6,0.235294117647059,0,0.411764705882353,0.352941176470588,69.2881840168468,17.271063049823,318.404801176809,61.903549742847,2001-01-20
56,16,3,1,10,2,0.1875,0.0625,0.625,0.125,60.4910972967604,25.8527360606878,311.467416988041,69.328751514689,2001-01-27
57,27,2,2,19,4,0.0740740740740741,0.0740740740740741,0.703703703703704,0.148148148148148,61.8914259881509,25.6485319878667,292.305731775818,87.7517506760223,2001-02-03
58,25,4,0,16,5,0.16,0,0.64,0.2,73.6660341684446,22.8010558688334,277.860664618497,92.2628280298772,2001-02-10
59,25,3,1,16,5,0.12,0.04,0.64,0.2,70.775564171693,23.7827605651452,301.884301586386,92.0384616031964,2001-02-17
60,31,2,0,22,7,0.0645161290322581,0,0.709677419354839,0.225806451612903,72.9849914209239,26.7947237057232,373.453220498418,100.474812052881,2001-02-24
61,33,3,2,19,9,0.0909090909090909,0.0606060606060606,0.575757575757576,0.272727272727273,87.7005355556402,25.276827988293,431.222077033986,120.459350308424,2001-03-03
62,33,5,1,21,6,0.151515151515152,0.0303030303030303,0.636363636363636,0.181818181818182,87.869833138403,23.5876577582354,496.301203628112,144.061551186476,2001-03-10
63,42,7,3,23,9,0.166666666666667,0.0714285714285714,0.547619047619048,0.214285714285714,85.2838242117185,28.351338522207,541.937119057415,175.137815891904,2001-03-17
64,41,4,1,29,7,0.0975609756097561,0.024390243902439,0.707317073170732,0.170731707317073,100.022819605099,34.3271807882339,587.262035347965,207.191851042418,2001-03-24
65,49,8,1,31,9,0.163265306122449,0.0204081632653061,0.63265306122449,0.183673469387755,134.95747320106,41.0799089283611,668.379480001549,233.873341089196,2001-03-31
66,65,9,1,49,6,0.138461538461538,0.0153846153846154,0.753846153846154,0.0923076923076923,155.592204275236,53.3463807035717,756.852875455989,250.969623793629,2001-04-07
67,72,8,2,51,11,0.111111111111111,0.0277777777777778,0.708333333333333,0.152777777777778,176.004737862545,50.0572486695922,869.679830308903,259.402146115859,2001-04-14
68,86,8,1,61,16,0.0930232558139535,0.0116279069767442,0.709302325581395,0.186046511627907,221.43817810121,45.1153847062574,1045.38928761781,268.526167492243,2001-04-21
69,78,8,1,58,11,0.102564102564103,0.0128205128205128,0.743589743589744,0.141025641025641,250.635507841309,46.0838029318328,1295.11042595608,279.605858586668,2001-04-28
70,107,13,4,74,16,0.121495327102804,0.0373831775700935,0.691588785046729,0.149532710280374,266.831567600396,45.7251359462348,1589.1447274747,344.705173923087,2001-05-05
71,93,12,1,61,19,0.129032258064516,0.010752688172043,0.655913978494624,0.204301075268817,276.189292414618,43.7145800053842,1798.69351985082,406.024761252753,2001-05-12
72,129,17,3,94,15,0.131782945736434,0.0232558139534884,0.728682170542636,0.116279069767442,309.497065648586,57.0691302811482,1998.85719594008,453.036196950704,2001-05-19
73,119,7,2,85,25,0.0588235294117647,0.0168067226890756,0.714285714285714,0.210084033613445,349.714551881372,71.5192398050895,2170.66638730896,507.442647881904,2001-05-26
74,122,13,5,88,16,0.10655737704918,0.040983606557377,0.721311475409836,0.131147540983607,395.531745094673,71.2545162578434,2367.35747759713,532.652786558093,2001-06-02
75,176,13,2,141,20,0.0738636363636364,0.0113636363636364,0.801136363636364,0.113636363636364,414.04355958202,72.4941572940629,2572.8702764525,570.525503846633,2001-06-09
76,168,19,5,122,22,0.113095238095238,0.0297619047619048,0.726190476190476,0.130952380952381,406.968396353306,90.2424470841865,2733.48038346234,608.915189700488,2001-06-16
77,180,22,4,128,26,0.122222222222222,0.0222222222222222,0.711111111111111,0.144444444444444,399.750631406846,101.929455135636,3071.55796654267,620.250500726514,2001-06-23
78,211,14,3,169,25,0.0663507109004739,0.014218009478673,0.800947867298578,0.118483412322275,428.025568240597,109.259876533476,3467.55125531038,639.383863368352,2001-06-30
79,205,16,3,162,24,0.0780487804878049,0.0146341463414634,0.790243902439024,0.117073170731707,511.34731060372,119.500776647764,3679.5812049453,668.28637255701,2001-07-07
80,235,18,4,190,23,0.0765957446808511,0.0170212765957447,0.808510638297872,0.0978723404255319,534.065810509019,114.153933102466,3971.21935033925,688.131489658362,2001-07-14
81,243,15,3,198,27,0.0617283950617284,0.0123456790123457,0.814814814814815,0.111111111111111,494.332134952188,101.581375268506,4266.40131131071,697.540314644976,2001-07-21
82,263,22,3,212,26,0.0836501901140684,0.0114068441064639,0.806083650190114,0.0988593155893536,464.505796354039,95.9736738299023,4462.96652968332,683.722964749879,2001-07-28
83,230,23,6,178,23,0.1,0.0260869565217391,0.773913043478261,0.1,454.796057380484,96.8061821436273,4687.5388855193,669.177030777286,2001-08-04
84,229,16,0,183,30,0.0698689956331878,0,0.799126637554585,0.131004366812227,460.037619804922,89.4574523339897,4810.5364666528,671.627410881505,2001-08-11
85,238,16,3,198,21,0.0672268907563025,0.0126050420168067,0.831932773109244,0.0882352941176471,474.277326644061,94.3716598875734,4762.34797073055,647.304213344416,2001-08-18
86,210,17,1,166,26,0.080952380952381,0.00476190476190476,0.79047619047619,0.123809523809524,468.551147004308,84.9782251832452,4559.95233580159,608.03971928432,2001-08-25
87,197,13,4,152,28,0.065989847715736,0.0203045685279188,0.771573604060914,0.142131979695431,432.040300221064,68.4035486024809,4316.1283952528,581.560545564193,2001-09-01
88,172,16,1,132,23,0.0930232558139535,0.00581395348837209,0.767441860465116,0.133720930232558,400.782751282708,55.2417356680543,4053.95206824932,556.553205359584,2001-09-08
89,183,11,1,155,16,0.0601092896174863,0.00546448087431694,0.846994535519126,0.087431693989071,357.365063290331,48.6006442207753,3701.43807706751,534.698065787368,2001-09-15
90,136,8,5,99,24,0.0588235294117647,0.0367647058823529,0.727941176470588,0.176470588235294,311.236750864155,46.9087244788337,3341.70996176925,503.161502169885,2001-09-22
91,140,10,1,113,16,0.0714285714285714,0.00714285714285714,0.807142857142857,0.114285714285714,280.94975290757,40.1471342290564,3009.94270713234,452.744804013478,2001-09-29
92,138,11,0,106,21,0.0797101449275362,0,0.768115942028985,0.152173913043478,239.978657730008,39.5172323199561,2702.61684868949,413.252651305059,2001-10-06
93,101,7,2,77,15,0.0693069306930693,0.0198019801980198,0.762376237623762,0.148514851485149,203.114501231146,42.069923777811,2356.0134534075,381.007982324785,2001-10-13
94,101,8,1,82,10,0.0792079207920792,0.0099009900990099,0.811881188118812,0.099009900990099,185.824021543493,34.9177172100002,2104.08989032245,348.712595313144,2001-10-20
95,77,6,0,62,9,0.0779220779220779,0,0.805194805194805,0.116883116883117,175.793868272281,28.7411829384976,1885.6913123762,320.058753531663,2001-10-27
96,76,7,0,59,10,0.0921052631578947,0,0.776315789473684,0.131578947368421,159.335060004075,24.6351662706558,1669.90587188728,285.621629642132,2001-11-03
97,80,10,0,57,13,0.125,0,0.7125,0.1625,141.93760990883,18.2235514968524,1468.97559280719,238.960121221816,2001-11-10
98,45,7,0,34,4,0.155555555555556,0,0.755555555555556,0.0888888888888889,125.14005143304,11.2440695991109,1295.94641737769,204.389547511788,2001-11-17
99,49,6,0,39,4,0.122448979591837,0,0.795918367346939,0.0816326530612245,124.034336500961,6.19934397092195,1152.39910557168,192.341523485309,2001-11-24
100,46,8,0,30,8,0.173913043478261,0,0.652173913043478,0.173913043478261,138.466277614521,3.21331398689248,1007.34483189054,179.892677876412,2001-12-01
101,42,5,1,28,8,0.119047619047619,0.0238095238095238,0.666666666666667,0.19047619047619,134.412841696296,1.60988376007976,877.063328922603,150.212624556659,2001-12-08
102,33,3,0,22,8,0.0909090909090909,0,0.666666666666667,0.242424242424242,130.890953831894,0.818885567082095,787.565875167262,135.271092291927,2001-12-15
103,38,7,0,23,8,0.184210526315789,0,0.605263157894737,0.210526315789474,127.691670842852,2.40483510205744,710.093673080871,135.535774136099,2001-12-22
104,23,3,0,16,4,0.130434782608696,0,0.695652173913043,0.173913043478261,116.584275269887,5.5207150919404,627.143645308533,143.22177303849,2001-12-29
105,24,4,0,16,4,0.166666666666667,0,0.666666666666667,0.166666666666667,109.093239497954,5.30420879892158,561.178520757145,155.46676304666,2002-01-05
106,27,5,0,20,2,0.185185185185185,0,0.740740740740741,0.0740740740740741,105.228236887562,3.5595591647887,505.182884335603,151.546509183401,2002-01-12
107,24,2,0,12,10,0.0833333333333333,0,0.5,0.416666666666667,100.528493504033,2.03659845863978,460.842805471056,132.454425627135,2002-01-19
108,28,4,1,17,6,0.142857142857143,0.0357142857142857,0.607142857142857,0.214285714285714,103.493448229018,1.07659830417033,439.194663099833,109.892344096537,2002-01-26
109,26,2,1,19,4,0.0769230769230769,0.0384615384615385,0.730769230769231,0.153846153846154,98.7318723268558,0.813693839684223,415.859225201775,118.106532577715,2002-02-02
110,23,4,0,12,7,0.173913043478261,0,0.521739130434783,0.304347826086957,92.7463027407663,4.79141756827051,404.6751846588,149.103522295604,2002-02-09
111,32,1,1,20,10,0.03125,0.03125,0.625,0.3125,84.8034883283412,12.0809034371475,438.546279007468,153.968424994984,2002-02-16
112,26,5,1,13,7,0.192307692307692,0.0384615384615385,0.5,0.269230769230769,82.7073811431873,15.8135578864443,443.433477831493,156.864074900858,2002-02-23
113,24,0,2,12,10,0,0.0833333333333333,0.5,0.416666666666667,84.065896702642,19.2361251524025,435.781719622154,185.479043342321,2002-03-02
114,26,3,0,18,5,0.115384615384615,0,0.692307692307692,0.192307692307692,89.6393898771603,22.5685717920604,462.323068705027,217.479762907661,2002-03-09
115,33,2,1,17,13,0.0606060606060606,0.0303030303030303,0.515151515151515,0.393939393939394,84.2868267866172,27.9763382825051,468.966609581732,244.50421380978,2002-03-16
116,35,1,1,21,12,0.0285714285714286,0.0285714285714286,0.6,0.342857142857143,75.2481075211087,30.958219766709,481.911507784101,249.141478058551,2002-03-23
117,28,4,0,17,7,0.142857142857143,0,0.607142857142857,0.25,71.7506766469719,30.4440373208938,507.506397544087,263.228292331021,2002-03-30
118,46,3,0,25,18,0.0652173913043478,0,0.543478260869565,0.391304347826087,69.1421289394351,29.2966370733703,564.970139623587,309.207769263786,2002-04-06
119,38,3,1,20,14,0.0789473684210526,0.0263157894736842,0.526315789473684,0.368421052631579,75.4697337465543,23.0960153866294,599.924394735502,337.140780784749,2002-04-13
120,39,1,1,24,13,0.0256410256410256,0.0256410256410256,0.615384615384615,0.333333333333333,89.4360636792734,15.331000361731,641.430882756315,364.487031001066,2002-04-20
121,44,5,0,22,17,0.113636363636364,0,0.5,0.386363636363636,97.3633214440794,14.9775450666508,680.103877310432,419.750802321002,2002-04-27
122,51,2,1,30,18,0.0392156862745098,0.0196078431372549,0.588235294117647,0.352941176470588,92.7386958758737,18.8848315416164,733.735363774302,468.282516512044,2002-05-04
123,42,4,0,22,16,0.0952380952380952,0,0.523809523809524,0.380952380952381,98.6744988235147,19.8086879523207,788.598267759671,496.268418026184,2002-05-11
124,50,1,1,27,21,0.02,0.02,0.54,0.42,105.654501973065,17.2791804772242,839.256605395635,517.091226439581,2002-05-18
125,64,4,1,33,26,0.0625,0.015625,0.515625,0.40625,109.840304841364,17.7126682250058,871.06455204644,568.028191167299,2002-05-25
126,65,0,0,35,30,0,0,0.538461538461538,0.461538461538462,98.4396981413708,18.5456763946255,886.531976551049,616.201051794328,2002-06-01
127,46,2,0,29,15,0.0434782608695652,0,0.630434782608696,0.326086956521739,93.4966153330321,25.7190359332029,931.820969845118,679.540300731056,2002-06-08
128,64,3,2,32,27,0.046875,0.03125,0.5,0.421875,80.3790034302875,23.3658661278177,982.378902928318,765.085084717827,2002-06-15
129,68,2,0,41,25,0.0294117647058824,0,0.602941176470588,0.367647058823529,66.8424968521473,15.5567487552219,1022.87083754256,775.859857147561,2002-06-22
130,61,2,0,28,31,0.0327868852459016,0,0.459016393442623,0.508196721311475,62.6971385956677,15.3061893852958,1038.36119448255,746.660401324671,2002-06-29
131,61,2,0,27,32,0.0327868852459016,0,0.442622950819672,0.524590163934426,66.9361443656928,21.2413009940705,1034.2838919335,735.959068420042,2002-07-06
132,73,2,0,37,34,0.0273972602739726,0,0.506849315068493,0.465753424657534,64.4042969384038,18.2211885516483,1026.59970352649,761.685387440341,2002-07-13
133,64,0,1,29,34,0,0.015625,0.453125,0.53125,58.2433737614743,11.6214232965509,955.574619218164,826.638099299259,2002-07-20
134,51,0,1,30,20,0,0.0196078431372549,0.588235294117647,0.392156862745098,54.4702992296081,6.71789551968688,906.029715030288,876.53607187564,2002-07-27
135,47,3,1,16,27,0.0638297872340425,0.0212765957446809,0.340425531914894,0.574468085106383,47.4374186561231,7.88526600896604,875.950977976422,870.891696099146,2002-08-03
136,61,0,4,31,26,0,0.0655737704918033,0.508196721311475,0.426229508196721,34.967831924086,14.4560176838398,835.571256494042,809.947052963172,2002-08-10
137,52,1,2,26,23,0.0192307692307692,0.0384615384615385,0.5,0.442307692307692,32.6549870871407,20.3275771802802,747.685406212179,729.534909580125,2002-08-17
138,39,0,2,20,17,0,0.0512820512820513,0.512820512820513,0.435897435897436,29.867990848459,30.0388266692935,677.195678843452,659.383976062278,2002-08-24
139,45,1,1,17,26,0.0222222222222222,0.0222222222222222,0.377777777777778,0.577777777777778,22.4147080312457,44.7581637061301,633.993136491896,623.586155348045,2002-08-31
140,40,1,1,15,23,0.025,0.025,0.375,0.575,18.2412339501403,45.6468998233031,573.923096313682,559.613695618415,2002-09-07
141,42,0,1,19,22,0,0.0238095238095238,0.452380952380952,0.523809523809524,16.4218355153541,39.6393433278729,491.337338047105,504.9319101339,2002-09-14
142,33,0,0,17,16,0,0,0.515151515151515,0.484848484848485,14.1305193239196,33.134921196842,417.504023120906,473.136068189443,2002-09-21
143,29,0,0,13,16,0,0,0.448275862068966,0.551724137931034,12.7245039468321,25.8934371650143,369.050858714364,444.954814918514,2002-09-28
144,23,1,2,7,13,0.0434782608695652,0.0869565217391304,0.304347826086957,0.565217391304348,9.34185850049112,19.7782174165107,347.69863153169,402.730200906548,2002-10-05
145,29,0,0,15,14,0,0,0.517241379310345,0.482758620689655,5.71568863605285,13.2434620012992,315.464063451478,353.675571256525,2002-10-12
146,33,1,1,12,19,0.0303030303030303,0.0303030303030303,0.363636363636364,0.575757575757576,5.32299638703941,11.6167692724566,259.863309646423,315.729812647803,2002-10-19
147,26,1,2,12,11,0.0384615384615385,0.0769230769230769,0.461538461538462,0.423076923076923,6.32350342846848,13.336823313419,228.758722156449,280.501441700953,2002-10-26
148,27,0,1,14,12,0,0.037037037037037,0.518518518518518,0.444444444444444,6.79062795987324,12.4845030990375,223.649427964464,273.331017029079,2002-11-02
149,20,0,2,11,7,0,0.1,0.55,0.35,9.8245552995622,15.8395732150536,216.602465551457,260.669968315215,2002-11-09
150,21,0,0,5,16,0,0,0.238095238095238,0.761904761904762,10.7301133345366,19.4816136351348,213.096526886776,239.286392323691,2002-11-16
151,22,2,1,7,12,0.0909090909090909,0.0454545454545455,0.318181818181818,0.545454545454545,7.96880069698748,23.7514516001318,208.225467313592,211.387277929379,2002-11-23
152,25,0,0,9,16,0,0,0.36,0.64,5.43412972801974,22.4768075629303,189.30732670947,203.649479668835,2002-11-30
153,16,0,3,8,5,0,0.1875,0.5,0.3125,8.35895673654418,18.3273840349688,162.373673358487,214.895638073765,2002-12-07
154,9,0,0,3,6,0,0,0.333333333333333,0.666666666666667,11.3990124630625,16.808104775857,148.767356471122,234.288937973991,2002-12-14
155,15,0,0,6,9,0,0,0.4,0.6,9.36415450711849,22.4143249035487,147.368024975385,228.011041633435,2002-12-21
156,7,1,0,2,4,0.142857142857143,0,0.285714285714286,0.571428571428571,5.91295659419399,21.4238772257819,139.269845746922,198.757350449676,2002-12-28
157,11,0,0,5,6,0,0,0.454545454545455,0.545454545454545,3.31918276189227,14.7124237566659,128.486428059209,179.731342000502,2003-01-04
158,10,1,0,3,6,0.1,0,0.3,0.6,3.99683412131885,8.54098515694978,112.56988178719,156.31553907727,2003-01-11
159,6,0,0,2,4,0,0,0.333333333333333,0.666666666666667,6.9084277708396,4.55234435124483,101.240832991029,137.346240585018,2003-01-18
160,10,0,0,5,5,0,0,0.5,0.5,8.19066540160224,2.31767566250598,93.6669320312277,139.281983666948,2003-01-25
161,15,1,1,3,10,0.0666666666666667,0.0666666666666667,0.2,0.666666666666667,10.4901400224953,1.15001945519876,88.086541506345,143.099120336606,2003-02-01
162,8,0,0,3,5,0,0,0.375,0.625,9.14403461783018,1.97075712187311,90.805976294861,135.728900926739,2003-02-08
163,7,0,0,2,5,0,0,0.285714285714286,0.714285714285714,8.78465909538398,6.66670150078344,89.2690686919382,153.260920680429,2003-02-15
164,11,1,0,3,7,0.0909090909090909,0,0.272727272727273,0.636363636363636,10.848213603351,7.6685056590305,87.8824221171978,175.904239723629,2003-02-22
165,11,0,0,1,10,0,0,0.0909090909090909,0.909090909090909,9.07962538002757,5.53539098566432,81.9537625394779,165.281912724183,2003-03-01
166,16,0,1,3,12,0,0.0625,0.1875,0.75,8.15098645615538,3.27263516108034,74.7975282429344,173.130661629387,2003-03-08
167,8,0,0,4,4,0,0,0.5,0.5,11.1701992733572,2.39678667515048,74.4344673459003,202.205570106864,2003-03-15
168,11,0,0,3,8,0,0,0.272727272727273,0.727272727272727,10.1030969836393,7.00244777667151,73.1147485294103,245.413723699977,2003-03-22
169,18,1,0,2,15,0.0555555555555556,0,0.111111111111111,0.833333333333333,6.69361530308771,9.64708832883162,83.5003087702797,266.796068503689,2003-03-29
170,15,1,0,4,10,0.0666666666666667,0,0.266666666666667,0.666666666666667,4.48927743444717,7.52806023430371,98.344189298622,268.198302042523,2003-04-05
171,20,1,0,5,14,0.05,0,0.25,0.7,10.3425995774388,4.60215261728862,101.683612185406,293.658261723326,2003-04-12
172,13,0,0,4,9,0,0,0.307692307692308,0.692307692307692,19.3780515210588,2.50920617551412,109.483183670036,342.070359480639,2003-04-19
173,20,2,0,5,13,0.1,0,0.25,0.65,23.502692098063,1.29045582263081,129.717082865939,385.917107271551,2003-04-26
174,23,3,0,2,18,0.130434782608696,0,0.0869565217391304,0.782608695652174,22.1906361676904,0.643091501619566,144.709196118681,402.690355206741,2003-05-03
175,15,1,0,3,11,0.0666666666666667,0,0.2,0.733333333333333,26.1115322957045,0.31490525904717,142.443617962561,405.606290860334,2003-05-10
176,21,2,0,3,16,0.0952380952380952,0,0.142857142857143,0.761904761904762,49.514375082504,0.15267072162267,127.393335308751,441.519075420592,2003-05-17
177,29,4,0,3,22,0.137931034482759,0,0.103448275862069,0.758620689655172,60.895432315529,0.0735942110988661,114.186443932076,472.030601663687,2003-05-24
178,29,3,0,2,24,0.103448275862069,0,0.0689655172413793,0.827586206896552,62.4797281961873,0.0353586591174637,102.666340663181,487.418331024405,2003-05-31
179,34,5,0,5,24,0.147058823529412,0,0.147058823529412,0.705882352941177,76.8567193247033,0.0169557957025995,104.173306804162,539.569314043792,2003-06-07
180,34,4,0,5,25,0.117647058823529,0,0.147058823529412,0.735294117647059,84.4648480662093,0.0081219666741213,102.086296456658,616.551886653222,2003-06-14
181,42,5,0,9,28,0.119047619047619,0,0.214285714285714,0.666666666666667,96.1889055882103,0.00388801519064865,109.062725454638,701.060697556976,2003-06-21
182,33,3,0,6,24,0.0909090909090909,0,0.181818181818182,0.727272727272727,115.452194055041,0.00186052699306532,132.124600714744,761.074222028318,2003-06-28
183,43,4,0,6,33,0.0930232558139535,0,0.13953488372093,0.767441860465116,131.50041163227,0.000890129284329857,169.724184754085,797.599479716373,2003-07-05
184,47,11,1,9,26,0.234042553191489,0.0212765957446809,0.191489361702128,0.553191489361702,134.480416582543,0.000425812423255261,189.01269316926,789.134310125226,2003-07-12
185,60,10,0,7,43,0.166666666666667,0,0.116666666666667,0.716666666666667,123.203597677149,0.125476704105616,190.578896081449,783.688668860126,2003-07-19
186,51,10,0,12,29,0.196078431372549,0,0.235294117647059,0.568627450980392,143.96605139141,3.6765334711455,190.180629765475,796.216879848101,2003-07-26
187,44,9,0,8,27,0.204545454545455,0,0.181818181818182,0.613636363636364,188.286624495235,7.59686823143291,197.990458622274,815.752217740524,2003-08-02
188,40,12,0,5,23,0.3,0,0.125,0.575,229.165062028533,6.65725799579067,215.054983055791,854.823838002576,2003-08-09
189,54,10,1,10,33,0.185185185185185,0.0185185185185185,0.185185185185185,0.611111111111111,241.444315772069,4.22143409630831,222.624819817953,813.02132016303,2003-08-16
190,43,11,0,6,26,0.255813953488372,0,0.13953488372093,0.604651162790698,241.010865655562,3.10523355761868,197.360226964687,730.297397357725,2003-08-23
191,32,6,0,9,17,0.1875,0,0.28125,0.53125,230.635911709489,6.0333434190729,185.954759301606,684.189972102759,2003-08-30
192,31,5,1,7,18,0.161290322580645,0.032258064516129,0.225806451612903,0.580645161290323,220.841997769549,6.78383430945928,181.00958570813,647.986752666764,2003-09-06
193,44,8,0,8,28,0.181818181818182,0,0.181818181818182,0.636363636363636,205.167305758765,4.84810135306176,169.956104231055,578.407657090336,2003-09-13
194,36,7,0,6,23,0.194444444444444,0,0.166666666666667,0.638888888888889,174.575042154158,4.29319059763995,159.146616374248,490.982961791599,2003-09-20
195,35,7,1,8,19,0.2,0.0285714285714286,0.228571428571429,0.542857142857143,152.838928681706,6.34432880088625,150.591214999164,460.251565759615,2003-09-27
196,27,7,0,2,18,0.259259259259259,0,0.0740740740740741,0.666666666666667,146.475890399425,5.79506104468991,139.777705912267,447.941666648317,2003-10-04
197,22,4,0,4,14,0.181818181818182,0,0.181818181818182,0.636363636363636,140.784621297095,5.58865304733579,130.674340306694,418.197795318838,2003-10-11
198,27,5,1,3,18,0.185185185185185,0.037037037037037,0.111111111111111,0.666666666666667,131.659976730882,6.79130491520668,115.535227321192,377.999477097681,2003-10-18
199,17,4,0,4,9,0.235294117647059,0,0.235294117647059,0.529411764705882,114.216926869556,5.63706290280807,94.8306250206515,328.877119420749,2003-10-25
200,23,3,0,0,20,0.130434782608696,0,0,0.869565217391304,101.718067136368,5.72376747966595,75.8920131414452,293.792453020948,2003-11-01
201,26,9,0,1,16,0.346153846153846,0,0.0384615384615385,0.615384615384615,87.4550268068205,6.60360801721194,65.9790921418513,268.461459759681,2003-11-08
202,16,2,0,3,11,0.125,0,0.1875,0.6875,79.4098899822157,5.16844222567599,55.3342095450424,266.183500987398,2003-11-15
203,17,4,0,1,12,0.235294117647059,0,0.0588235294117647,0.705882352941177,86.3998869331749,3.19022011125264,41.0767433372439,277.254705413777,2003-11-22
204,11,0,0,0,11,0,0,0,1,85.9024253331065,1.75068101198015,36.1651552229006,264.022753554792,2003-11-29
205,19,5,0,1,13,0.263157894736842,0,0.0526315789473684,0.684210526315789,75.9779922559198,0.904358006201295,34.2626390342859,243.377637920025,2003-12-06
206,8,3,0,0,5,0.375,0,0,0.625,60.5924554063174,0.45216784923977,26.3527368473963,231.109029824245,2003-12-13
207,12,2,0,1,9,0.166666666666667,0,0.0833333333333333,0.75,52.1301487362211,0.221978388467809,19.4346244448644,229.618843550486,2003-12-20
208,16,2,3,1,10,0.125,0.1875,0.0625,0.625,60.038490119625,0.107830614065545,14.7946865950633,212.518567776946,2003-12-27
209,6,3,0,0,3,0.5,0,0,0.5,63.1333968731516,0.583320486807934,12.9972418206974,187.637472392578,2004-01-03
210,9,1,0,0,8,0.111111111111111,0,0,0.888888888888889,57.9479764623792,8.7321725930558,14.8672975126598,179.604397461367,2004-01-10
211,7,1,2,0,4,0.142857142857143,0.285714285714286,0,0.571428571428571,56.3664866632281,18.1843647053724,14.1785774538733,178.436562219033,2004-01-17
212,13,3,2,0,8,0.230769230769231,0.153846153846154,0,0.615384615384615,52.4634869799543,17.2539619924841,9.9848627217888,165.397738722513,2004-01-24
213,16,3,0,1,12,0.1875,0,0.0625,0.75,43.2695993236891,19.8787733422585,5.89237444299869,159.179152021424,2004-01-31
214,16,0,4,1,11,0,0.25,0.0625,0.6875,42.8669853890517,29.6821201646999,3.20834569139423,163.762909339751,2004-02-07
215,9,0,0,0,9,0,0,0,1,54.7459397536897,32.5147744850764,4.56416049588771,194.700405121784,2004-02-14
216,6,0,1,0,5,0,0.166666666666667,0,0.833333333333333,52.6614433194497,40.2600398739967,11.9821567233993,245.369526269304,2004-02-21
217,22,5,3,1,13,0.227272727272727,0.136363636363636,0.0454545454545455,0.590909090909091,36.7981198062747,44.4875325936567,15.6129883366882,264.806540250002,2004-02-28
218,15,1,0,1,13,0.0666666666666667,0,0.0666666666666667,0.866666666666667,24.3034847988151,39.7177095434181,12.279823265081,251.202457481045,2004-03-06
219,11,2,3,0,6,0.181818181818182,0.272727272727273,0,0.545454545454545,38.336023737574,46.7812331529191,11.6561160566084,266.035742795864,2004-03-13
220,20,2,2,0,16,0.1,0.1,0,0.8,55.4803056839944,47.7264550858803,19.8518669776789,319.335396785352,2004-03-20
221,18,2,3,4,9,0.111111111111111,0.166666666666667,0.222222222222222,0.5,59.8603902196381,49.3284496374045,19.6350392046084,333.615937684272,2004-03-27
222,20,3,3,0,14,0.15,0.15,0,0.7,61.0970635795477,58.356373549596,17.2540206244072,355.646113861444,2004-04-03
223,19,1,0,2,16,0.0526315789473684,0,0.105263157894737,0.842105263157895,62.4999044586285,71.7081136510597,34.2623587962664,371.158153057419,2004-04-10
224,27,3,5,3,16,0.111111111111111,0.185185185185185,0.111111111111111,0.592592592592593,71.7292350270025,83.1004686137283,44.7684335373485,390.28052199635,2004-04-17
225,28,4,4,2,18,0.142857142857143,0.142857142857143,0.0714285714285714,0.642857142857143,71.9601429593305,75.303844408499,48.0146314986817,423.178128325735,2004-04-24
226,25,5,3,3,14,0.2,0.12,0.12,0.56,74.5786629343551,77.158983854925,55.4657792733252,482.719374757642,2004-05-01
227,31,3,4,2,22,0.0967741935483871,0.129032258064516,0.0645161290322581,0.709677419354839,97.2054156151548,103.711472225687,63.8902591704361,529.890503485879,2004-05-08
228,38,1,10,1,26,0.0263157894736842,0.263157894736842,0.0263157894736842,0.684210526315789,111.055377157769,116.465607479624,75.9055981892973,555.892614869384,2004-05-15
229,43,3,9,5,26,0.0697674418604651,0.209302325581395,0.116279069767442,0.604651162790698,118.576311477734,124.283557589941,79.6581383063934,574.981823928782,2004-05-22
230,52,3,10,4,35,0.0576923076923077,0.192307692307692,0.0769230769230769,0.673076923076923,113.512920017098,162.682473481846,79.3195158111867,644.691459881848,2004-05-29
231,53,8,6,4,35,0.150943396226415,0.113207547169811,0.0754716981132075,0.660377358490566,99.9254943501649,225.848813175446,83.2800462877269,751.878205172605,2004-06-05
232,57,7,12,3,35,0.12280701754386,0.210526315789474,0.0526315789473684,0.614035087719298,99.3244897361054,266.039162997642,101.697103404995,880.91215347458,2004-06-12
233,60,4,18,5,33,0.0666666666666667,0.3,0.0833333333333333,0.55,118.919030682594,279.101335936063,119.677723206913,963.431303721216,2004-06-19
234,71,4,15,10,42,0.0563380281690141,0.211267605633803,0.140845070422535,0.591549295774648,161.293548680847,280.825196326496,118.848715168515,1060.4096906602,2004-06-26
235,62,6,10,3,43,0.0967741935483871,0.161290322580645,0.0483870967741935,0.693548387096774,171.027182364241,328.370042181499,122.964673946678,1082.0659641147,2004-07-03
236,79,11,19,6,43,0.139240506329114,0.240506329113924,0.0759493670886076,0.544303797468354,161.612509478435,401.854847195393,157.413718257318,1085.91524662393,2004-07-10
237,81,10,13,8,50,0.123456790123457,0.160493827160494,0.0987654320987654,0.617283950617284,163.260426255804,404.75341092894,173.241780594234,1129.0729689856,2004-07-17
238,71,6,19,9,37,0.0845070422535211,0.267605633802817,0.126760563380282,0.52112676056338,183.309419101332,411.579929358493,161.313239375876,1177.13185495863,2004-07-24
239,79,6,16,7,50,0.0759493670886076,0.20253164556962,0.0886075949367089,0.632911392405063,207.792742405472,416.065006657197,164.593134137901,1213.56297712064,2004-07-31
240,79,10,15,8,46,0.126582278481013,0.189873417721519,0.10126582278481,0.582278481012658,213.270540728653,411.389609694522,185.040953232807,1169.97147309718,2004-08-07
241,65,8,12,6,39,0.123076923076923,0.184615384615385,0.0923076923076923,0.6,193.441160106552,405.18052111544,192.489875376447,1116.1022124203,2004-08-14
242,97,11,19,9,58,0.11340206185567,0.195876288659794,0.0927835051546392,0.597938144329897,183.687356304702,389.810769460097,190.512238106067,1098.99154055903,2004-08-21
243,83,13,9,10,51,0.156626506024096,0.108433734939759,0.120481927710843,0.614457831325301,197.209011114375,367.008175280342,174.77053250828,1065.87768585719,2004-08-28
244,60,11,17,7,25,0.183333333333333,0.283333333333333,0.116666666666667,0.416666666666667,204.919910936591,348.504754066252,162.203195482952,1044.70856999655,2004-09-04
245,74,14,11,4,45,0.189189189189189,0.148648648648649,0.0540540540540541,0.608108108108108,208.441079233335,314.059538558121,169.579972884448,1045.78996603633,2004-09-11
246,66,12,13,6,35,0.181818181818182,0.196969696969697,0.0909090909090909,0.53030303030303,215.381754526567,287.206382076196,171.440148549458,958.082785668404,2004-09-18
247,60,7,16,3,34,0.116666666666667,0.266666666666667,0.05,0.566666666666667,222.741319077863,278.592851920839,150.51601889087,854.511954703588,2004-09-25
248,54,7,12,2,33,0.12962962962963,0.222222222222222,0.037037037037037,0.611111111111111,224.516524695983,263.627542925371,125.750743802383,776.252419405391,2004-10-02
249,51,10,12,3,26,0.196078431372549,0.235294117647059,0.0588235294117647,0.509803921568627,209.70279616889,257.018015907229,105.165029066958,703.386254128944,2004-10-09
250,41,10,8,1,22,0.24390243902439,0.195121951219512,0.024390243902439,0.536585365853659,187.798830422042,244.635751041723,81.8517336957822,640.724629824644,2004-10-16
251,45,7,11,3,24,0.155555555555556,0.244444444444444,0.0666666666666667,0.533333333333333,170.86226841723,226.812483465287,65.6414381206182,584.608275979398,2004-10-23
252,31,7,9,1,14,0.225806451612903,0.290322580645161,0.032258064516129,0.451612903225806,158.361691593542,207.664839689203,53.4089761154336,521.60423978655,2004-10-30
253,27,5,7,0,15,0.185185185185185,0.259259259259259,0,0.555555555555556,151.703651654479,188.376502936579,42.8989586513675,467.258316956047,2004-11-06
254,33,7,7,1,18,0.212121212121212,0.212121212121212,0.0303030303030303,0.545454545454545,137.978419176864,178.736863597694,37.8255045087741,404.778991633106,2004-11-13
255,17,3,8,1,5,0.176470588235294,0.470588235294118,0.0588235294117647,0.294117647058824,124.062201638006,165.513572018515,28.9648490001267,345.427710431319,2004-11-20
256,22,5,8,0,9,0.227272727272727,0.363636363636364,0,0.409090909090909,115.56183538017,148.970377065362,21.8817997399634,307.013686192329,2004-11-27
257,20,6,7,1,6,0.3,0.35,0.05,0.3,104.790501858469,142.710632595178,18.4400586423693,265.501900600162,2004-12-04
258,21,7,2,0,12,0.333333333333333,0.0952380952380952,0,0.571428571428571,97.8745178908018,142.773216865512,13.8932940159479,219.502091052369,2004-12-11
259,13,5,2,1,5,0.384615384615385,0.153846153846154,0.0769230769230769,0.384615384615385,96.0653640153566,138.918100076718,11.1419713111786,189.172260868708,2004-12-18
260,20,4,4,1,11,0.2,0.2,0.05,0.55,106.604990017232,122.503519943177,11.2608830026324,183.986723637441,2004-12-25
261,12,4,2,0,6,0.333333333333333,0.166666666666667,0,0.5,113.628685007293,95.3945477019383,12.2645269822264,181.04868708386,2005-01-01
262,15,5,5,0,5,0.333333333333333,0.333333333333333,0,0.333333333333333,112.921806569732,81.3776297096644,11.8731863674473,184.91245484166,2005-01-08
263,13,7,2,1,3,0.538461538461538,0.153846153846154,0.0769230769230769,0.230769230769231,104.554379665256,76.4584377285547,12.2884508559409,177.334058589195,2005-01-15
264,21,3,7,0,11,0.142857142857143,0.333333333333333,0,0.523809523809524,104.086506461999,77.0255517352013,9.90998445780598,159.791007084973,2005-01-22
265,10,5,1,0,4,0.5,0.1,0,0.4,115.614937699418,77.6178088598488,9.4857163946505,140.621795470449,2005-01-29
266,9,3,4,1,1,0.333333333333333,0.444444444444444,0.111111111111111,0.111111111111111,124.358111231854,85.3167024970131,10.4664952448136,153.370390076545,2005-02-05
267,18,6,5,0,7,0.333333333333333,0.277777777777778,0,0.388888888888889,116.473135446771,96.3323282880169,8.16324593761495,170.192931713332,2005-02-12
268,19,4,5,0,10,0.210526315789474,0.263157894736842,0,0.526315789473684,115.218577432418,97.0573276406624,7.21837388287335,146.749874869765,2005-02-19
269,10,4,3,0,3,0.4,0.3,0,0.3,120.514877436148,103.541771388055,10.1099212626648,134.505979766011,2005-02-26
270,12,2,5,1,4,0.166666666666667,0.416666666666667,0.0833333333333333,0.333333333333333,128.09133948964,119.495836388121,9.23755927364913,170.461211841699,2005-03-05
271,17,4,9,0,4,0.235294117647059,0.529411764705882,0,0.235294117647059,131.790349501228,123.627519341091,6.16037675101187,180.409677034314,2005-03-12
272,21,7,5,0,9,0.333333333333333,0.238095238095238,0,0.428571428571429,123.553269092072,138.009849620364,5.97136693698829,169.504720639028,2005-03-19
273,19,6,7,1,5,0.315789473684211,0.368421052631579,0.0526315789473684,0.263157894736842,114.401817760481,165.836981983477,10.1525945780528,164.034868403893,2005-03-26
274,16,5,7,0,4,0.3125,0.4375,0,0.25,141.993558210438,189.5897363874,9.87800492552888,180.269961934364,2005-04-02
275,24,8,8,2,6,0.333333333333333,0.333333333333333,0.0833333333333333,0.25,168.884687298674,208.096432384376,11.081298141474,183.635530189706,2005-04-09
276,23,5,13,0,5,0.217391304347826,0.565217391304348,0,0.217391304347826,183.346276890981,225.331329589668,13.3231434898001,187.622664011435,2005-04-16
277,30,9,11,2,8,0.3,0.366666666666667,0.0666666666666667,0.266666666666667,187.264492814826,245.157779742646,15.9061662171267,181.483329427158,2005-04-23
278,24,7,14,2,1,0.291666666666667,0.583333333333333,0.0833333333333333,0.0416666666666667,210.455404593676,283.803805083524,24.8884571618831,179.158888286887,2005-04-30
279,37,11,13,3,10,0.297297297297297,0.351351351351351,0.0810810810810811,0.27027027027027,236.555048255205,335.129081125999,32.1244265181128,182.198927587923,2005-05-07
280,41,9,23,4,5,0.219512195121951,0.560975609756098,0.0975609756097561,0.121951219512195,250.866199351404,376.81831570721,44.5550263450326,184.852643997337,2005-05-14
281,41,11,18,2,10,0.268292682926829,0.439024390243902,0.0487804878048781,0.24390243902439,277.268819663458,414.912502925367,58.9383777502646,184.453865596917,2005-05-21
282,38,10,17,5,6,0.263157894736842,0.447368421052632,0.131578947368421,0.157894736842105,307.555227028495,478.422501567521,81.1029891012201,208.205650838318,2005-05-28
283,46,14,22,5,5,0.304347826086957,0.478260869565217,0.108695652173913,0.108695652173913,325.569604365078,557.822502700535,101.363890849958,239.612183007868,2005-06-04
284,60,16,28,5,11,0.266666666666667,0.466666666666667,0.0833333333333333,0.183333333333333,340.656120053998,594.457182757699,109.494315372186,257.62170499879,2005-06-11
285,47,13,22,3,9,0.276595744680851,0.468085106382979,0.0638297872340425,0.191489361702128,357.780796905848,620.112710756321,120.129778875623,243.824959571558,2005-06-18
286,54,12,23,9,10,0.222222222222222,0.425925925925926,0.166666666666667,0.185185185185185,390.82504483858,684.61410099843,136.981594958543,237.117875222561,2005-06-25
287,56,11,34,5,6,0.196428571428571,0.607142857142857,0.0892857142857143,0.107142857142857,424.889478757014,729.78666518348,143.835452733537,249.663599773592,2005-07-02
288,65,24,28,4,9,0.369230769230769,0.430769230769231,0.0615384615384615,0.138461538461538,412.567705036546,711.815282416672,157.429211654455,277.901962167034,2005-07-09
289,60,12,34,5,9,0.2,0.566666666666667,0.0833333333333333,0.15,386.847319988213,735.353791157381,164.058945072911,274.276752721321,2005-07-16
290,66,21,35,1,9,0.318181818181818,0.53030303030303,0.0151515151515152,0.136363636363636,415.072791366304,798.020505867199,161.629881724217,250.801605403275,2005-07-23
291,73,19,39,3,12,0.26027397260274,0.534246575342466,0.0410958904109589,0.164383561643836,432.615901645991,828.256601841477,145.75618083531,230.642306497349,2005-07-30
292,81,17,45,6,13,0.209876543209877,0.555555555555556,0.0740740740740741,0.160493827160494,435.733625967088,841.728561902335,118.44859784226,236.971511484095,2005-08-06
293,66,19,35,2,10,0.287878787878788,0.53030303030303,0.0303030303030303,0.151515151515152,462.878225446988,878.784818659548,97.9331367112417,242.533932610642,2005-08-13
294,61,15,35,5,6,0.245901639344262,0.573770491803279,0.0819672131147541,0.0983606557377049,457.632400463318,913.101027090511,100.314071424547,251.966381211051,2005-08-20
295,70,14,43,3,10,0.2,0.614285714285714,0.0428571428571429,0.142857142857143,431.697368573516,913.681807710999,92.8056139821897,261.359160408183,2005-08-27
296,80,23,48,2,7,0.2875,0.6,0.025,0.0875,401.907095874626,858.112006694921,88.4998518451787,230.988807725179,2005-09-03
297,53,10,33,2,8,0.188679245283019,0.622641509433962,0.0377358490566038,0.150943396226415,367.675086890657,831.029060424778,84.7703805529702,200.421735535902,2005-09-10
298,48,12,28,2,6,0.25,0.583333333333333,0.0416666666666667,0.125,355.311815582326,833.341797917261,68.9555962995464,185.211030132363,2005-09-17
299,54,10,35,1,8,0.185185185185185,0.648148148148148,0.0185185185185185,0.148148148148148,337.594122663111,807.834514894561,57.2546680065457,172.003380308714,2005-09-24
300,56,16,34,2,4,0.285714285714286,0.607142857142857,0.0357142857142857,0.0714285714285714,293.058640861864,738.480664643332,48.0115170356371,150.89275502839,2005-10-01
301,34,8,20,3,3,0.235294117647059,0.588235294117647,0.0882352941176471,0.0882352941176471,257.30433997915,667.016283509156,36.5135646900749,136.917498283285,2005-10-08
302,43,5,33,1,4,0.116279069767442,0.767441860465116,0.0232558139534884,0.0930232558139535,236.104826602617,617.206393498134,30.7732188329232,121.799247840921,2005-10-15
303,44,7,28,4,5,0.159090909090909,0.636363636363636,0.0909090909090909,0.113636363636364,212.396998114564,557.732748162877,31.8605211033022,101.0801761752,2005-10-22
304,34,7,22,1,4,0.205882352941176,0.647058823529412,0.0294117647058824,0.117647058823529,176.359190675703,510.044074712311,34.9828814085236,84.6812518047955,2005-10-29
305,27,9,15,1,2,0.333333333333333,0.555555555555556,0.037037037037037,0.0740740740740741,148.427202637276,495.219251233853,38.8130254193245,78.1074158585001,2005-11-05
306,26,3,20,3,0,0.115384615384615,0.769230769230769,0.115384615384615,0,138.1218535755,470.008305893892,38.1589828900546,77.744600261083,2005-11-12
307,30,2,22,3,3,0.0666666666666667,0.733333333333333,0.1,0.1,129.473041347638,426.637714075705,34.4719463630448,67.5164162607113,2005-11-19
308,22,5,15,1,1,0.227272727272727,0.681818181818182,0.0454545454545455,0.0454545454545455,118.935044610926,385.87906299667,34.1577217468214,50.0174191429203,2005-11-26
309,13,3,6,2,2,0.230769230769231,0.461538461538462,0.153846153846154,0.153846153846154,98.3880426825057,364.462339917009,34.9874626447926,39.9214307527985,2005-12-03
310,17,4,9,2,2,0.235294117647059,0.529411764705882,0.117647058823529,0.117647058823529,80.4914337452626,346.402910642626,37.6954372111129,37.3581580050542,2005-12-10
311,18,2,14,1,1,0.111111111111111,0.777777777777778,0.0555555555555556,0.0555555555555556,73.9515669173699,299.878468836276,39.1812493140766,35.2947428041998,2005-12-17
312,14,5,5,2,2,0.357142857142857,0.357142857142857,0.142857142857143,0.142857142857143,72.3948693031969,247.548879723468,38.2752536204518,35.203078282426,2005-12-24
313,9,1,6,0,2,0.111111111111111,0.666666666666667,0,0.222222222222222,69.705025768921,229.777536556594,34.905590219216,32.0095525934377,2005-12-31
314,13,3,9,1,0,0.230769230769231,0.692307692307692,0.0769230769230769,0,72.9493198113721,218.554559245528,32.2505148971697,28.551726252229,2006-01-07
315,13,4,9,0,0,0.307692307692308,0.692307692307692,0,0,69.1896740257722,197.870600758277,28.2102256474414,34.7785235152633,2006-01-14
316,8,4,2,1,1,0.5,0.25,0.125,0.125,63.2562873188247,184.795289279639,22.3349899247181,33.7477845769359,2006-01-21
317,9,2,6,1,0,0.222222222222222,0.666666666666667,0.111111111111111,0,69.9216109385028,181.535851360499,18.5956496966974,23.6984549211349,2006-01-28
318,13,1,12,0,0,0.0769230769230769,0.923076923076923,0,0,79.7251697587606,171.612227893654,16.9448760577099,15.9166288561663,2006-02-04
319,13,4,6,1,2,0.307692307692308,0.461538461538462,0.0769230769230769,0.153846153846154,85.7631716288634,161.568338629548,17.7221428854175,14.2077054474976,2006-02-11
320,12,0,12,0,0,0,1,0,0,75.1887406971968,180.702848914706,18.6599802944248,11.334675648613,2006-02-18
321,10,3,7,0,0,0.3,0.7,0,0,68.388925503831,207.593462212256,19.431684617479,14.588476427319,2006-02-25
322,16,3,12,0,1,0.1875,0.75,0,0.0625,65.401662407623,234.214862067572,16.2663765306455,20.0469150931161,2006-03-04
323,10,2,6,1,1,0.2,0.6,0.1,0.1,65.1662297892867,253.934456753732,10.62894890985,16.8664201154424,2006-03-11
324,19,0,16,1,2,0,0.842105263157895,0.0526315789473684,0.105263157894737,69.2960053172761,272.581936597904,6.17514001167176,16.5603292131377,2006-03-18
325,15,5,10,0,0,0.333333333333333,0.666666666666667,0,0,67.1332088341781,290.434083461869,7.55645400057059,23.0834829093926,2006-03-25
326,28,6,17,2,3,0.214285714285714,0.607142857142857,0.0714285714285714,0.107142857142857,64.2854751829471,325.469417130149,14.2519122939368,30.0174376942407,2006-04-01
327,18,3,12,1,2,0.166666666666667,0.666666666666667,0.0555555555555556,0.111111111111111,79.6172496567789,367.56901210477,19.5066972654791,32.3559152591594,2006-04-08
328,25,4,17,1,3,0.16,0.68,0.04,0.12,107.93483196174,404.020098577887,28.8348831418831,34.5754395908234,2006-04-15
329,33,9,19,2,3,0.272727272727273,0.575757575757576,0.0606060606060606,0.0909090909090909,129.329489759166,456.696466572749,36.6127084259163,53.0337671994814,2006-04-22
330,31,4,24,0,3,0.129032258064516,0.774193548387097,0,0.0967741935483871,134.538765679008,486.987168829916,37.9557284405854,71.8763755212439,2006-04-29
331,39,3,31,3,2,0.0769230769230769,0.794871794871795,0.0769230769230769,0.0512820512820513,169.306898045895,538.891321296671,40.5486163576376,87.8895503204707,2006-05-06
332,39,8,25,2,4,0.205128205128205,0.641025641025641,0.0512820512820513,0.102564102564103,189.260013993403,609.301311588982,40.055400355039,95.0210735177144,2006-05-13
333,43,8,30,2,3,0.186046511627907,0.697674418604651,0.0465116279069767,0.0697674418604651,179.0038492837,733.012432598048,46.7507960847009,91.2273488357578,2006-05-20
334,60,3,47,3,7,0.05,0.783333333333333,0.05,0.116666666666667,185.071543903199,848.178437519115,56.0784556037625,91.3711210739943,2006-05-27
335,49,12,32,2,3,0.244897959183673,0.653061224489796,0.0408163265306122,0.0612244897959184,210.74152719903,917.94778306835,57.7799382110765,101.771694407538,2006-06-03
336,74,13,52,6,3,0.175675675675676,0.702702702702703,0.0810810810810811,0.0405405405405405,203.415592702491,1029.43746401894,66.6860065251632,132.408586183045,2006-06-10
337,54,11,38,1,4,0.203703703703704,0.703703703703704,0.0185185185185185,0.0740740740740741,219.102806067639,1142.45577895395,76.5913859543631,147.103240404756,2006-06-17
338,70,9,50,5,6,0.128571428571429,0.714285714285714,0.0714285714285714,0.0857142857142857,277.799662831842,1245.6507953524,99.6772583511289,135.786454078491,2006-06-24
339,79,19,48,1,11,0.240506329113924,0.607594936708861,0.0126582278481013,0.139240506329114,326.866082926047,1324.06508924853,109.858242794495,127.518943569405,2006-07-01
340,80,12,54,6,8,0.15,0.675,0.075,0.1,330.16305336797,1358.59285277081,105.754547514186,142.545725302359,2006-07-08
341,100,16,67,5,12,0.16,0.67,0.05,0.12,346.863282683928,1402.92118170063,95.823993739218,177.140172310729,2006-07-15
342,74,17,43,4,10,0.22972972972973,0.581081081081081,0.0540540540540541,0.135135135135135,375.971955264818,1423.12850740462,100.012728285423,206.990320297053,2006-07-22
343,82,17,58,4,3,0.207317073170732,0.707317073170732,0.0487804878048781,0.0365853658536585,379.850226722806,1465.09314972194,106.814225263193,231.220468406961,2006-07-29
344,89,18,55,4,12,0.202247191011236,0.617977528089888,0.0449438202247191,0.134831460674157,396.862723099564,1440.68599405637,112.85554151386,249.299862119691,2006-08-05
345,103,19,69,3,12,0.184466019417476,0.669902912621359,0.029126213592233,0.116504854368932,417.892036106031,1384.97022753222,112.244792171315,230.236733905225,2006-08-12
346,85,21,55,2,7,0.247058823529412,0.647058823529412,0.0235294117647059,0.0823529411764706,409.397748503126,1353.82509347578,104.207554011257,216.417399424392,2006-08-19
347,77,14,53,4,6,0.181818181818182,0.688311688311688,0.051948051948052,0.0779220779220779,399.469182481673,1359.2023526412,93.0914221005801,219.710336936115,2006-08-26
348,68,18,42,2,6,0.264705882352941,0.617647058823529,0.0294117647058824,0.0882352941176471,416.678775872642,1339.22607586395,81.418827658522,214.123310891567,2006-09-02
349,72,16,46,4,6,0.222222222222222,0.638888888888889,0.0555555555555556,0.0833333333333333,401.917961404866,1257.7661338946,72.0812756976533,186.436764770244,2006-09-09
350,73,14,49,4,6,0.191780821917808,0.671232876712329,0.0547945205479452,0.0821917808219178,372.714211378413,1145.87895839666,67.5561284181867,163.366706188465,2006-09-16
351,52,12,32,2,6,0.230769230769231,0.615384615384615,0.0384615384615385,0.115384615384615,343.426915474812,1027.66869100996,63.0489642509785,140.430098601688,2006-09-23
352,43,9,24,2,8,0.209302325581395,0.558139534883721,0.0465116279069767,0.186046511627907,313.504057656961,945.726319940115,63.8744123793949,126.899834373595,2006-09-30
353,60,8,41,4,7,0.133333333333333,0.683333333333333,0.0666666666666667,0.116666666666667,287.961837001526,845.037614981469,60.2160428844686,118.739417816177,2006-10-07
354,34,5,23,3,3,0.147058823529412,0.676470588235294,0.0882352941176471,0.0882352941176471,247.76288044509,721.593539928891,52.879233079098,117.616884320464,2006-10-14
355,25,7,15,1,2,0.28,0.6,0.04,0.08,209.546930448315,640.885943134715,50.8078737346297,114.191379323877,2006-10-21
356,37,4,24,0,9,0.108108108108108,0.648648648648649,0,0.243243243243243,171.205403985146,585.158991103697,50.8642157085893,104.820079866044,2006-10-28
357,31,6,24,0,1,0.193548387096774,0.774193548387097,0,0.032258064516129,136.296544351743,496.864228859704,45.2098983680031,88.8977805665858,2006-11-04
358,26,6,14,1,5,0.230769230769231,0.538461538461538,0.0384615384615385,0.192307692307692,114.012940234712,426.208237355687,32.9468386448914,85.5193512512455,2006-11-11
359,36,7,25,0,4,0.194444444444444,0.694444444444444,0,0.111111111111111,104.697376017248,402.674250567421,20.1884533996669,80.7649938195909,2006-11-18
360,30,5,20,1,4,0.166666666666667,0.666666666666667,0.0333333333333333,0.133333333333333,104.957830115507,381.399589820906,13.3269725618428,74.7712322814148,2006-11-25
361,28,6,20,0,2,0.214285714285714,0.714285714285714,0,0.0714285714285714,101.383172071376,366.934639922008,10.7600444652935,76.5012927231016,2006-12-02
362,33,9,18,0,6,0.272727272727273,0.545454545454545,0,0.181818181818182,103.899934980687,375.988710249801,10.1999955087825,74.9297448985073,2006-12-09
363,23,6,16,0,1,0.260869565217391,0.695652173913043,0,0.0434782608695652,113.358870566152,380.173100048207,9.49310299613891,69.3855436875622,2006-12-16
364,27,5,17,1,4,0.185185185185185,0.62962962962963,0.037037037037037,0.148148148148148,126.626609104785,385.046713023354,6.718420260842,67.6180825128525,2006-12-23
365,19,3,13,0,3,0.157894736842105,0.684210526315789,0,0.157894736842105,135.192531782959,379.016730505583,4.01099073393732,69.1067846118231,2006-12-30
366,21,8,10,0,3,0.380952380952381,0.476190476190476,0,0.142857142857143,130.996264584872,361.227709828832,4.37196557140043,71.0229418406565,2007-01-06
367,30,8,17,0,5,0.266666666666667,0.566666666666667,0,0.166666666666667,122.405209296454,335.723434877392,6.98546072862493,73.1126484436183,2007-01-13
368,20,3,12,0,5,0.15,0.6,0,0.25,128.347424815993,313.039476089695,6.30742201864716,75.5283848046777,2007-01-20
369,23,6,14,1,2,0.260869565217391,0.608695652173913,0.0434782608695652,0.0869565217391304,140.021171989104,326.50974248655,4.1551109527426,81.3037109969854,2007-01-27
370,28,5,13,1,9,0.178571428571429,0.464285714285714,0.0357142857142857,0.321428571428571,142.163356671685,339.861423599982,3.73300270952996,90.0560139104431,2007-02-03
371,24,2,19,0,3,0.0833333333333333,0.791666666666667,0,0.125,139.190269602352,343.915492220398,7.76485181057637,98.2741227489603,2007-02-10
372,31,10,15,0,6,0.32258064516129,0.483870967741935,0,0.193548387096774,142.189830544072,362.526554275089,12.458333323907,117.240476141677,2007-02-17
373,27,9,14,0,4,0.333333333333333,0.518518518518518,0,0.148148148148148,136.959732451108,403.044977280983,13.5848483542541,133.030394817464,2007-02-24
374,33,6,25,0,2,0.181818181818182,0.757575757575758,0,0.0606060606060606,154.327635244603,436.473493972333,10.0317816630731,138.291584050869,2007-03-03
375,31,9,18,1,3,0.290322580645161,0.580645161290323,0.032258064516129,0.0967741935483871,185.585924526289,455.50406942871,6.03121343335159,144.232260570362,2007-03-10
376,34,11,16,0,7,0.323529411764706,0.470588235294118,0,0.205882352941176,205.923010136322,520.487266544679,3.91570485297746,134.846378292392,2007-03-17
377,34,10,22,2,0,0.294117647058824,0.647058823529412,0.0588235294117647,0,234.532955762488,565.267866850723,7.84279042691345,120.58777790265,2007-03-24
378,45,14,27,0,4,0.311111111111111,0.6,0,0.0888888888888889,265.607981679387,584.333107682808,10.5195066712697,115.765383782122,2007-03-31
379,36,12,21,0,3,0.333333333333333,0.583333333333333,0,0.0833333333333333,301.702237695383,627.808318157344,16.788797563952,118.881780409706,2007-04-07
380,46,10,34,1,1,0.217391304347826,0.739130434782609,0.0217391304347826,0.0217391304347826,346.643714539828,709.278174782846,23.5844725106829,110.291002398899,2007-04-14
381,48,19,24,0,5,0.395833333333333,0.5,0,0.104166666666667,388.306941789128,770.691801761878,19.5725942103746,107.455503079268,2007-04-21
382,42,13,27,0,2,0.30952380952381,0.642857142857143,0,0.0476190476190476,403.950818435556,847.525267194287,15.0338017537523,98.7048571849807,2007-04-28
383,53,20,31,2,0,0.377358490566038,0.584905660377358,0.0377358490566038,0,430.1969741129,893.844834554831,15.838725591674,99.7948213336095,2007-05-05
384,72,22,45,1,4,0.305555555555556,0.625,0.0138888888888889,0.0555555555555556,478.873888680574,903.499657102284,14.4075275105607,105.52385834335,2007-05-12
385,63,23,38,0,2,0.365079365079365,0.603174603174603,0,0.0317460317460317,530.823486130021,941.413278638017,21.682628828383,87.2660022760081,2007-05-19
386,66,21,44,0,1,0.318181818181818,0.666666666666667,0,0.0151515151515152,595.967621192552,1057.22634007815,28.0820471798724,73.6388208928996,2007-05-26
387,76,25,50,0,1,0.328947368421053,0.657894736842105,0,0.0131578947368421,671.27112618833,1195.63617604375,27.3004540262757,80.2492285932474,2007-06-02
388,98,40,56,2,0,0.408163265306122,0.571428571428571,0.0204081632653061,0,705.046694014776,1306.71118739005,19.588545524084,78.0241318270625,2007-06-09
389,77,20,50,0,7,0.25974025974026,0.649350649350649,0,0.0909090909090909,738.708037327465,1404.98075439256,11.9547619196367,63.8447246308483,2007-06-16
390,89,24,62,1,2,0.269662921348315,0.696629213483146,0.0112359550561798,0.0224719101123595,827.636459386662,1519.05638428241,13.9242024738848,48.7628460341806,2007-06-23
391,94,38,53,2,1,0.404255319148936,0.563829787234043,0.0212765957446809,0.0106382978723404,876.894321122585,1590.91636128955,20.4962842646487,67.8647977672384,2007-06-30
392,82,21,56,2,3,0.25609756097561,0.682926829268293,0.024390243902439,0.0365853658536585,856.359980784592,1624.61547771271,22.1059586131052,86.9533110008215,2007-07-07
393,104,43,58,1,2,0.413461538461538,0.557692307692308,0.00961538461538462,0.0192307692307692,847.281995696109,1645.50182880977,27.7502594414657,79.5865050094635,2007-07-14
394,113,35,72,2,4,0.309734513274336,0.63716814159292,0.0176991150442478,0.0353982300884956,843.209488636898,1651.24355208024,37.5781303190552,69.3483254240504,2007-07-21
395,97,41,51,3,2,0.422680412371134,0.525773195876289,0.0309278350515464,0.0206185567010309,865.556051586534,1619.08216275581,43.9420228338084,64.3690407290192,2007-07-28
396,100,29,69,1,1,0.29,0.69,0.01,0.01,908.197110678724,1628.53335593969,48.7042692113814,66.5792716172499,2007-08-04
397,102,40,59,0,3,0.392156862745098,0.57843137254902,0,0.0294117647058824,912.241149356154,1587.88861760373,50.4708508054639,70.7315028360241,2007-08-11
398,97,34,60,1,2,0.350515463917526,0.618556701030928,0.0103092783505155,0.0206185567010309,886.68268433585,1543.91416717568,46.5493340857986,63.2597245540733,2007-08-18
399,100,37,59,2,2,0.37,0.59,0.02,0.02,851.851444402025,1485.35025921611,35.3686551741438,52.8533843138001,2007-08-25
400,87,42,43,1,1,0.482758620689655,0.494252873563218,0.0114942528735632,0.0114942528735632,817.921694756993,1407.29212588052,27.9072006151961,48.6980213925864,2007-09-01
401,82,34,43,0,5,0.414634146341463,0.524390243902439,0,0.0609756097560976,786.57468399689,1341.28280630885,27.8912571916361,48.2933623932492,2007-09-08
402,85,39,45,0,1,0.458823529411765,0.529411764705882,0,0.0117647058823529,774.120805648115,1219.37884140928,24.7165713236676,47.0289796295496,2007-09-15
403,75,30,43,0,2,0.4,0.573333333333333,0,0.0266666666666667,760.865136017647,1066.88565690961,19.239014838774,50.5017355053951,2007-09-22
404,81,34,44,0,3,0.419753086419753,0.54320987654321,0,0.037037037037037,726.418740985846,947.875236151214,12.3619373018779,47.0732626813375,2007-09-29
405,49,26,21,0,2,0.530612244897959,0.428571428571429,0,0.0408163265306122,683.014261071021,868.971534967199,6.94593482480743,41.5223595220326,2007-10-06
406,48,21,24,0,3,0.4375,0.5,0,0.0625,636.00930280904,811.134745656289,3.62625372783673,40.7884589510153,2007-10-13
407,46,28,18,0,0,0.608695652173913,0.391304347826087,0,0,578.001650917983,711.662230961733,1.82039175501218,40.8930803068831,2007-10-20
408,41,14,24,0,3,0.341463414634146,0.585365853658537,0,0.0731707317073171,510.351842854753,586.528200688931,0.894677645080893,41.9459932634148,2007-10-27
409,34,15,18,0,1,0.441176470588235,0.529411764705882,0,0.0294117647058824,460.793105723812,488.940169184546,0.43460402624324,35.4951773041114,2007-11-03
410,31,13,14,0,4,0.419354838709677,0.451612903225806,0,0.129032258064516,415.012154039363,421.539382755059,0.209736746791329,30.6327681940236,2007-11-10
411,32,22,10,0,0,0.6875,0.3125,0,0,356.516819182662,387.894864213925,0.100840725677328,32.7901519299134,2007-11-17
412,30,10,17,0,3,0.333333333333333,0.566666666666667,0,0.1,312.862657973252,354.755623962025,0.048379920282637,37.7867666597613,2007-11-24
413,19,16,3,0,0,0.842105263157895,0.157894736842105,0,0,307.267101093334,307.621724208624,0.0231820690123797,35.569401585108,2007-12-01
414,24,11,9,0,4,0.458333333333333,0.375,0,0.166666666666667,296.536336161424,272.078114145251,0.0110999496446351,32.1799558253084,2007-12-08
415,17,4,12,0,1,0.235294117647059,0.705882352941177,0,0.0588235294117647,288.855631366856,236.381305393155,0.00531253132513784,31.5540871539811,2007-12-15
416,17,9,8,0,0,0.529411764705882,0.470588235294118,0,0,263.980463335092,199.834581795516,0.00254196621274603,37.9991864577273,2007-12-22
417,16,5,8,0,3,0.3125,0.5,0,0.1875,227.479766390371,194.766071648249,0.00121610407849412,38.9676672693094,2007-12-29
418,13,9,4,0,0,0.692307692307692,0.307692307692308,0,0,203.507559721319,198.659251401254,0.000581742951385243,30.477585070342,2008-01-05
419,14,9,5,0,0,0.642857142857143,0.357142857142857,0,0,177.193014838957,191.177870217249,0.000278270351104626,28.2633641433386,2008-01-12
420,16,8,7,0,1,0.5,0.4375,0,0.0625,169.839024973896,167.267492968923,0.000133102990258214,28.0816612895408,2008-01-19
421,18,10,7,0,1,0.555555555555556,0.388888888888889,0,0.0555555555555556,185.895976581027,153.245916571906,6.36648316448793e-05,21.9894595522765,2008-01-26
422,19,10,8,0,1,0.526315789473684,0.421052631578947,0,0.0526315789473684,201.245831236822,152.664556942711,3.04512994168203e-05,18.421494532829,2008-02-02
423,19,9,10,0,0,0.473684210526316,0.526315789473684,0,0,214.331402251315,160.155698320364,1.45649392425346e-05,17.0936174545943,2008-02-09
424,29,20,8,0,1,0.689655172413793,0.275862068965517,0,0.0344827586206897,232.008589961476,178.744094876502,6.96641684254295e-06,19.2765090679368,2008-02-16
425,15,11,4,0,0,0.733333333333333,0.266666666666667,0,0,259.670975144491,201.99491122301,3.33203055753786e-06,20.1090443892282,2008-02-23
426,20,13,6,0,1,0.65,0.3,0,0.05,328.405161472617,222.325702577255,1.59370422811922e-06,19.6475095711307,2008-03-01
427,26,18,7,0,1,0.692307692307692,0.269230769230769,0,0.0384615384615385,375.864067917975,215.483778335292,7.62265047159235e-07,17.5831760766203,2008-03-08
428,25,17,8,0,0,0.68,0.32,0,0,396.309440231558,206.474888614523,3.64589371045399e-07,15.7295946538293,2008-03-15
429,27,16,9,0,2,0.592592592592593,0.333333333333333,0,0.0740740740740741,432.324917739724,206.248649154174,1.74382070034837e-07,20.9514671401147,2008-03-22
430,26,21,4,0,1,0.807692307692308,0.153846153846154,0,0.0384615384615385,487.744325142733,220.189510797017,8.34064333447206e-08,22.4334441622829,2008-03-29
431,32,16,15,0,1,0.5,0.46875,0,0.03125,534.235453324477,247.369123094948,3.98930470281413e-08,27.3733163186831,2008-04-05
432,33,23,10,0,0,0.696969696969697,0.303030303030303,0,0,564.43294893635,246.909685406311,1.90807231491502e-08,33.2584002919882,2008-04-12
433,43,28,11,0,4,0.651162790697674,0.255813953488372,0,0.0930232558139535,584.303933263279,272.161766707055,9.12625141920877e-09,35.8436415895097,2008-04-19
434,48,34,12,0,2,0.708333333333333,0.25,0,0.0416666666666667,637.613795155356,326.756496279145,4.36505795651132e-09,33.2307518922158,2008-04-26
435,53,34,16,0,3,0.641509433962264,0.30188679245283,0,0.0566037735849057,730.442718860995,347.195021109508,2.08779374351418e-09,49.3272889768095,2008-05-03
436,51,30,15,0,6,0.588235294117647,0.294117647058824,0,0.117647058823529,871.913332513557,368.921615038403,9.98585290658132e-10,69.7571301453626,2008-05-10
437,63,50,10,0,3,0.793650793650794,0.158730158730159,0,0.0476190476190476,1001.51144438552,417.822428964251,4.77620253175571e-10,75.929736025779,2008-05-17
438,57,41,13,0,3,0.719298245614035,0.228070175438596,0,0.0526315789473684,1074.18914510391,470.743943089099,2.28444287657287e-10,92.2706422304285,2008-05-24
439,68,48,14,0,6,0.705882352941177,0.205882352941176,0,0.0882352941176471,1167.12704108486,466.679801238296,1.09264194937534e-10,114.485068587405,2008-05-31
440,61,46,14,0,1,0.754098360655738,0.229508196721311,0,0.0163934426229508,1318.008814196,438.022573659202,5.22607258101385e-11,119.179990555674,2008-06-07
441,73,49,18,0,6,0.671232876712329,0.246575342465753,0,0.0821917808219178,1402.79560027407,436.505171380178,2.49961431715953e-11,128.122144100356,2008-06-14
442,86,68,17,0,1,0.790697674418605,0.197674418604651,0,0.0116279069767442,1458.0006885942,450.375396531613,1.1955577797729e-11,128.398750631102,2008-06-21
443,82,61,13,0,8,0.74390243902439,0.158536585365854,0,0.0975609756097561,1515.87532643555,485.496727718636,5.71831580021525e-12,126.982590605591,2008-06-28
444,96,68,23,0,5,0.708333333333333,0.239583333333333,0,0.0520833333333333,1614.44981876151,508.910389254865,2.73505272096685e-12,121.356780951628,2008-07-05
445,87,67,18,0,2,0.770114942528736,0.206896551724138,0,0.0229885057471264,1681.55759224044,485.905788873179,1.30816723791101e-12,128.445054394386,2008-07-12
446,86,64,17,0,5,0.744186046511628,0.197674418604651,0,0.0581395348837209,1758.65666871592,491.908801728827,6.25692334611058e-13,145.054114615868,2008-07-19
447,87,63,20,0,4,0.724137931034483,0.229885057471264,0,0.0459770114942529,1806.14875195807,496.536435327577,2.9926670400808e-13,129.432402215495,2008-07-26
448,94,74,17,0,3,0.787234042553192,0.180851063829787,0,0.0319148936170213,1778.42416321587,486.739763575945,1.43138336802921e-13,113.228515558625,2008-08-02
449,73,57,10,0,6,0.780821917808219,0.136986301369863,0,0.0821917808219178,1715.79085709445,483.608726379337,6.84626227646983e-14,107.684637226862,2008-08-09
450,79,65,14,0,0,0.822784810126582,0.177215189873418,0,0,1663.10912607006,453.477834425246,3.27454602344128e-14,100.694349337239,2008-08-16
451,77,58,15,0,4,0.753246753246753,0.194805194805195,0,0.051948051948052,1578.22031007549,404.075816086303,1.56620521192431e-14,93.3775254186605,2008-08-23
452,76,60,8,0,8,0.789473684210526,0.105263157894737,0,0.105263157894737,1479.62779362234,349.393851061809,7.49111097628576e-15,87.6732460943879,2008-08-30
453,64,46,17,0,1,0.71875,0.265625,0,0.015625,1391.95021848835,321.415884938504,3.58297515751701e-15,81.2595205577488,2008-09-06
454,52,37,11,0,4,0.711538461538462,0.211538461538462,0,0.0769230769230769,1310.59762559162,293.508003369158,1.71372591061835e-15,90.3481365789705,2008-09-13
455,60,46,7,0,7,0.766666666666667,0.116666666666667,0,0.116666666666667,1211.38824989603,270.096616419061,8.19669790498686e-16,85.0870273868434,2008-09-20
456,50,41,4,0,5,0.82,0.08,0,0.1,1045.37409582882,253.10043527957,3.92045519819239e-16,75.4896827508808,2008-09-27
457,52,40,11,0,1,0.769230769230769,0.211538461538462,0,0.0192307692307692,897.584609653209,219.786006004666,1.87514156788449e-16,78.8578794763985,2008-10-04
458,26,19,4,0,3,0.730769230769231,0.153846153846154,0,0.115384615384615,831.675652806344,179.222796712345,8.9687439898034e-17,85.1018291627885,2008-10-11
459,40,28,7,0,5,0.7,0.175,0,0.125,772.77915303552,155.584792418906,4.28972244721673e-17,75.1373662803353,2008-10-18
460,41,28,8,0,5,0.682926829268293,0.195121951219512,0,0.121951219512195,671.859159832871,137.663151505178,2.05176094836421e-17,62.855454999826,2008-10-25
461,25,18,4,0,3,0.72,0.16,0,0.12,563.476964623027,122.436909334997,9.81350901143673e-18,61.5632960129997,2008-11-01
462,33,22,7,0,4,0.666666666666667,0.212121212121212,0,0.121212121212121,505.153131725825,117.52193680748,4.69377093829228e-18,69.4594504817022,2008-11-08
463,15,10,3,0,2,0.666666666666667,0.2,0,0.133333333333333,461.460933122388,114.236266329262,2.2450160890953e-18,66.7200129968151,2008-11-15
464,22,16,2,0,4,0.727272727272727,0.0909090909090909,0,0.181818181818182,412.290079843781,108.155180961863,1.07378423586441e-18,65.4935563190907,2008-11-22
465,13,10,2,0,1,0.769230769230769,0.153846153846154,0,0.0769230769230769,365.254298505879,98.207025619829,5.13587671282815e-19,62.6399170142814,2008-11-29
466,21,13,1,1,6,0.619047619047619,0.0476190476190476,0.0476190476190476,0.285714285714286,323.289618935961,81.1188935288226,2.4564739105279e-19,61.3932854883742,2008-12-06
467,13,11,1,0,1,0.846153846153846,0.0769230769230769,0,0.0769230769230769,280.503585990245,64.3546281762012,1.0088786106332,56.3097736239403,2008-12-13
468,9,7,0,2,0,0.777777777777778,0,0.222222222222222,0,255.670017387398,50.6119974214208,4.5750361442002,56.5167907199249,2008-12-20
469,16,13,1,0,2,0.8125,0.0625,0,0.125,241.833131742229,37.1520232492709,5.90023165295431,58.8937631633983,2008-12-27
470,14,12,1,0,1,0.857142857142857,0.0714285714285714,0,0.0714285714285714,232.306163949718,26.8273388215011,10.7173003366865,46.7724797481214,2009-01-03
471,15,9,1,3,2,0.6,0.0666666666666667,0.2,0.133333333333333,236.800264488983,21.0112990506853,14.3770829223827,36.1704107108926,2009-01-10
472,16,14,0,0,2,0.875,0,0,0.125,238.576332094345,19.1677305045679,13.0655832374878,31.39602700319,2009-01-17
473,11,8,0,1,2,0.727272727272727,0,0.0909090909090909,0.181818181818182,251.139792874343,21.188478125962,20.8087486765671,31.797532847583,2009-01-24
474,13,10,0,2,1,0.769230769230769,0,0.153846153846154,0.0769230769230769,279.18033243436,18.0391533076082,24.6966309586105,39.6166092801999,2009-01-31
475,13,8,0,1,4,0.615384615384615,0,0.0769230769230769,0.307692307692308,272.437029196173,11.8260220176474,21.7357095801678,46.0869959394813,2009-02-07
476,16,11,1,2,2,0.6875,0.0625,0.125,0.125,260.648924282555,6.7216753866556,25.8537328458464,47.2170057647124,2009-02-14
477,15,11,0,1,3,0.733333333333333,0,0.0666666666666667,0.2,259.729781406261,3.84554682590537,32.6383262949266,54.0726207499471,2009-02-21
478,22,14,0,5,3,0.636363636363636,0,0.227272727272727,0.136363636363636,275.945937764774,6.56142320258205,41.3782243218078,66.3468011543154,2009-02-28
479,10,6,1,0,3,0.6,0.1,0,0.3,310.959051203423,9.32770037773002,44.8177319294451,75.3579665036434,2009-03-07
480,17,14,0,0,3,0.823529411764706,0,0,0.176470588235294,330.520213752917,7.89675995371855,58.0601558581737,82.314578441141,2009-03-14
481,16,10,0,4,2,0.625,0,0.25,0.125,339.220250191839,9.94897338163329,66.2793819163789,92.7041153014014,2009-03-21
482,9,7,0,1,1,0.777777777777778,0,0.111111111111111,0.111111111111111,339.97513568133,11.8237553194949,52.3372197135362,92.3044010735068,2009-03-28
483,15,10,0,1,4,0.666666666666667,0,0.0666666666666667,0.266666666666667,347.993263906541,9.1085082286826,52.1936100826528,84.7496038731617,2009-04-04
484,10,7,0,0,3,0.7,0,0,0.3,333.448441531538,5.56803312570108,62.8509013082239,78.6854246281228,2009-04-11
485,23,14,0,4,5,0.608695652173913,0,0.173913043478261,0.217391304347826,324.005203641971,3.0386883652551,55.3875714797391,81.5239099650187,2009-04-18
486,22,17,0,3,2,0.772727272727273,0,0.136363636363636,0.0909090909090909,319.354927537796,1.56384719735584,44.5748299906977,90.8683389909742,2009-04-25
487,17,11,0,2,4,0.647058823529412,0,0.117647058823529,0.235294117647059,347.382715489368,0.7796633729378,53.2741977536715,103.432786625395,2009-05-02
488,28,15,0,10,3,0.535714285714286,0,0.357142857142857,0.107142857142857,404.890873325836,0.381872141733173,72.5235620815168,118.090890624286,2009-05-09
489,25,20,2,1,2,0.8,0.08,0.04,0.08,447.228585906219,0.185161275848731,92.1192086453018,113.304072149004,2009-05-16
490,25,14,0,5,6,0.56,0,0.2,0.24,466.83238929069,0.499563022674038,130.529834296131,113.028499482586,2009-05-23
491,31,16,0,10,5,0.516129032258065,0,0.32258064516129,0.161290322580645,517.740584903042,9.2250277283183,150.509664604815,113.557503096458,2009-05-30
492,32,20,1,8,3,0.625,0.03125,0.25,0.09375,536.764857910616,19.0107433875157,153.817321203595,120.323359028053,2009-06-06
493,41,24,0,8,9,0.585365853658537,0,0.195121951219512,0.219512195121951,530.430047067726,18.6816384077687,176.855345419596,140.465590065445,2009-06-13
494,47,22,1,13,11,0.468085106382979,0.0212765957446809,0.276595744680851,0.234042553191489,550.497378406118,18.6904085138845,217.589810496922,143.167120972939,2009-06-20
495,46,21,1,11,13,0.456521739130435,0.0217391304347826,0.239130434782609,0.282608695652174,601.54186722028,15.6571888511884,243.346337799078,162.437013162144,2009-06-27
496,46,22,3,13,8,0.478260869565217,0.0652173913043478,0.282608695652174,0.173913043478261,661.189392618806,15.7038834805962,273.966760889321,211.211795966513,2009-07-04
497,52,26,0,14,12,0.5,0,0.269230769230769,0.230769230769231,658.615707104278,21.3909670643555,311.348438318492,266.883065697046,2009-07-11
498,53,21,1,14,17,0.39622641509434,0.0188679245283019,0.264150943396226,0.320754716981132,634.410267238867,33.9336467327453,326.130294995577,288.600763824491,2009-07-18
499,50,23,5,10,12,0.46,0.1,0.2,0.24,616.992245297993,37.2474722506932,343.287830727857,288.715211932142,2009-07-25
500,65,36,0,20,9,0.553846153846154,0,0.307692307692308,0.138461538461538,627.277628103616,35.0080852128214,349.457414849685,315.11515076319,2009-08-01
501,39,21,2,9,7,0.538461538461538,0.0512820512820513,0.230769230769231,0.179487179487179,634.367024231122,44.0989926386413,337.040669176871,338.653051667328,2009-08-08
502,46,23,3,15,5,0.5,0.0652173913043478,0.326086956521739,0.108695652173913,644.110619937065,48.6748581506646,347.25211149184,309.981757939796,2009-08-15
503,64,26,1,22,15,0.40625,0.015625,0.34375,0.234375,639.587488324261,45.4048827184377,338.54649292965,263.759500594672,2009-08-22
504,39,18,1,13,7,0.461538461538462,0.0256410256410256,0.333333333333333,0.179487179487179,597.745184171838,44.8081883743766,317.177335806932,215.955841547108,2009-08-29
505,44,22,0,13,9,0.5,0,0.295454545454545,0.204545454545455,552.416049773607,43.6181093044469,335.763828704663,200.446379735773,2009-09-05
506,40,22,2,8,8,0.55,0.05,0.2,0.2,509.424619335516,36.9440664958523,340.633031069941,205.390926609119,2009-09-12
507,25,10,1,8,6,0.4,0.04,0.32,0.24,464.640330801021,25.8312933655224,316.225808229509,192.366927743265,2009-09-19
508,44,16,1,16,11,0.363636363636364,0.0227272727272727,0.363636363636364,0.25,430.820846226176,20.4679263550648,266.672464384766,177.139714197464,2009-09-26
509,29,17,2,5,5,0.586206896551724,0.0689655172413793,0.172413793103448,0.172413793103448,376.663683668108,22.2997668159005,214.280228907641,158.13895183707,2009-10-03
510,26,12,0,9,5,0.461538461538462,0,0.346153846153846,0.192307692307692,325.549275915035,20.6455315725287,196.253792275504,147.449620013903,2009-10-10
511,34,9,0,11,14,0.264705882352941,0,0.323529411764706,0.411764705882353,303.082524702229,20.3698701703569,190.779416947733,144.452584048441,2009-10-17
512,25,9,0,8,8,0.36,0,0.32,0.32,278.824978638334,19.7762221797798,174.460535343107,131.838530973683,2009-10-24
513,23,6,0,11,6,0.260869565217391,0,0.478260869565217,0.260869565217391,239.991563298871,14.5598940294663,165.481399882254,131.816802771277,2009-10-31
514,21,6,2,7,6,0.285714285714286,0.0952380952380952,0.333333333333333,0.285714285714286,197.038749839581,8.7783696323641,161.958756082169,148.23585658229,2009-11-07
515,15,5,0,4,6,0.333333333333333,0,0.266666666666667,0.4,166.997229733635,5.52243963414271,167.030073906252,142.618071866629,2009-11-14
516,10,2,1,7,0,0.2,0.1,0.7,0,144.974672050147,8.92502539225897,159.891142062473,132.274303532925,2009-11-21
517,19,5,0,6,8,0.263157894736842,0,0.315789473684211,0.421052631578947,126.831297460587,11.335242611021,140.191617553335,124.148284823066,2009-11-28
518,10,1,0,3,6,0.1,0,0.3,0.6,102.626345579219,11.8148768387489,122.933822936739,99.1454437366364,2009-12-05
519,6,0,0,6,0,0,0,1,0,79.4876384872264,10.2796409165338,115.516175014198,87.7276251415867,2009-12-12
520,11,3,0,6,2,0.272727272727273,0,0.545454545454545,0.181818181818182,69.4370415473887,6.9107231420127,106.168994271708,92.0390820842867,2009-12-19
521,7,1,0,3,3,0.142857142857143,0,0.428571428571429,0.428571428571429,52.6221431643206,3.9849183835392,100.369153853486,84.8951736567875,2009-12-26
522,8,3,0,3,2,0.375,0,0.375,0.25,40.2032549073561,2.11774292600714,103.384643812569,67.0524676583079,2010-01-02
523,9,3,0,1,5,0.333333333333333,0,0.111111111111111,0.555555555555556,37.287563444093,1.07655266418356,104.364643386592,60.4437960899769,2010-01-09
524,10,2,0,5,3,0.2,0,0.5,0.3,41.9861986321941,0.533739710461027,98.0800715003134,60.1321609079018,2010-01-16
525,11,2,0,6,3,0.181818181818182,0,0.545454545454545,0.272727272727273,54.2095874144875,0.260816453443214,81.1008791915577,63.1836300322878,2010-01-23
526,11,3,0,6,2,0.272727272727273,0,0.545454545454545,0.181818181818182,57.0239666060511,0.126366222622583,82.6271542884532,75.951359695354,2010-01-30
527,13,3,0,4,6,0.230769230769231,0,0.307692307692308,0.461538461538462,59.8196068933032,0.0609131138408673,103.454367929151,84.038277003497,2010-02-06
528,13,4,0,9,0,0.307692307692308,0,0.692307692307692,0,63.7069332198778,0.029272238851085,121.857480595893,77.3298648515494,2010-02-13
529,13,3,0,5,5,0.230769230769231,0,0.384615384615385,0.384615384615385,69.532438098774,0.0140408619090436,133.698081661271,82.7464801449054,2010-02-20
530,14,3,0,8,3,0.214285714285714,0,0.571428571428571,0.214285714285714,80.9270240097183,0.00672731993964069,146.112700791453,87.0213756972768,2010-02-27
531,10,3,0,5,2,0.3,0,0.5,0.2,92.6953983354288,0.00322101937482947,172.879502190643,88.6444966511009,2010-03-06
532,16,4,0,7,5,0.25,0,0.4375,0.3125,94.434734734468,0.00154157432917682,190.216641949267,95.9645636516442,2010-03-13
533,10,1,0,8,1,0.1,0,0.8,0.1,98.7686902502797,0.000737609592024299,193.975740609398,95.5942667158945,2010-03-20
534,20,5,0,9,6,0.25,0,0.45,0.3,98.8584453454071,0.000352876516944944,202.106562052604,96.4057136709428,2010-03-27
535,22,3,0,11,8,0.136363636363636,0,0.5,0.363636363636364,96.725729046307,0.000168802651641923,215.481815482837,104.297018919292,2010-04-03
536,20,1,0,15,4,0.05,0,0.75,0.2,102.775160384325,8.07443107105652e-05,241.115375118972,120.992334579903,2010-04-10
537,8,2,0,4,2,0.25,0,0.5,0.25,109.363562104786,3.86216056315224e-05,279.86120146094,148.692224660513,2010-04-17
538,27,6,0,16,5,0.222222222222222,0,0.592592592592593,0.185185185185185,102.303005859422,1.84731178978564e-05,338.957927533595,177.965416407769,2010-04-24
539,23,5,0,16,2,0.217391304347826,0,0.695652173913043,0.0869565217391304,88.4878441734367,8.83578251112807e-06,359.764407454298,170.331637860722,2010-05-01
540,31,2,0,18,11,0.0645161290322581,0,0.580645161290323,0.354838709677419,100.775136345172,4.22616876937364e-06,374.588568942547,157.8502922151,2010-05-08
541,18,3,0,10,5,0.166666666666667,0,0.555555555555556,0.277777777777778,131.747768468832,2.02137498669773e-06,439.912028753785,137.641324395037,2010-05-15
542,39,6,0,22,11,0.153846153846154,0,0.564102564102564,0.282051282051282,137.653301116738,9.66820608163191e-07,500.091173691616,149.009482023551,2010-05-22
543,32,6,0,18,8,0.1875,0,0.5625,0.25,124.376026184692,4.62428191787164e-07,494.933334229048,190.477771821641,2010-05-29
544,44,13,0,19,12,0.295454545454545,0,0.431818181818182,0.272727272727273,133.805540086459,2.21178216926266e-07,511.905398804717,238.913852877389,2010-06-05
545,35,2,0,24,9,0.0571428571428571,0,0.685714285714286,0.257142857142857,158.567601901851,1.05788923238788e-07,573.849156493505,271.984337148685,2010-06-12
546,38,8,0,18,12,0.210526315789474,0,0.473684210526316,0.315789473684211,202.830792017064,5.05985325884577e-08,598.653038245741,297.845165724292,2010-06-19
547,40,8,0,27,5,0.2,0,0.675,0.125,224.639526092345,2.42011263416224e-08,616.508750731218,314.12894151729,2010-06-26
548,49,6,0,27,16,0.122448979591837,0,0.551020408163265,0.326530612244898,218.761087774702,1.15753250810705e-08,644.781064230704,320.550768182536,2010-07-03
549,47,7,1,25,14,0.148936170212766,0.0212765957446809,0.531914893617021,0.297872340425532,212.809050292445,5.53644247526912e-09,671.315608872626,303.191834391085,2010-07-10
550,57,10,0,33,14,0.175438596491228,0,0.578947368421053,0.245614035087719,205.552410742486,0.973037181857783,703.062508124354,304.913438385892,2010-07-17
551,52,12,0,29,11,0.230769230769231,0,0.557692307692308,0.211538461538462,199.386118819214,6.0518594983659,725.847536240379,327.292634169736,2010-07-24
552,47,4,0,26,17,0.0851063829787234,0,0.553191489361702,0.361702127659574,205.703591139552,7.76045525567871,739.055079031281,344.414824850418,2010-07-31
553,61,10,1,36,14,0.163934426229508,0.0163934426229508,0.590163934426229,0.229508196721311,225.05732393566,5.71565020004426,736.205158495719,342.129993274808,2010-08-07
554,57,13,0,33,11,0.228070175438596,0,0.578947368421053,0.192982456140351,222.847091821297,3.40178346865875,723.333081286076,347.603893984868,2010-08-14
555,59,4,0,36,19,0.0677966101694915,0,0.610169491525424,0.322033898305085,209.65032223901,4.17855557582123,722.519687509934,343.444767901519,2010-08-21
556,50,3,0,32,15,0.06,0,0.64,0.3,198.994102733949,7.00792443779125,722.795457188132,323.623536031993,2010-08-28
557,48,12,0,23,13,0.25,0,0.479166666666667,0.270833333333333,198.590272695342,6.20566404130087,730.020551147944,324.147242193683,2010-09-04
558,61,11,0,31,19,0.180327868852459,0,0.508196721311475,0.311475409836066,169.812943010468,3.98051733920939,710.545681911312,331.686082409298,2010-09-11
559,50,5,0,34,11,0.1,0,0.68,0.22,151.241676947779,2.20791109400617,650.492111937918,318.442368251525,2010-09-18
560,39,6,1,24,8,0.153846153846154,0.0256410256410256,0.615384615384615,0.205128205128205,160.13516426295,1.14178333721624,591.421332862519,306.595561661558,2010-09-25
561,48,4,0,31,13,0.0833333333333333,0,0.645833333333333,0.270833333333333,159.787806246874,1.17826558490494,572.832372547695,280.923221245143,2010-10-02
562,37,2,0,22,13,0.0540540540540541,0,0.594594594594595,0.351351351351351,144.824705097095,4.08088527689274,558.022458322907,242.379285085186,2010-10-09
563,30,7,0,20,3,0.233333333333333,0,0.666666666666667,0.1,125.02050186335,5.04436214536564,525.976014108673,213.336330001044,2010-10-16
564,32,3,0,19,10,0.09375,0,0.59375,0.3125,96.919808697805,3.71108275683467,488.450138779973,205.085544153878,2010-10-23
565,27,5,0,18,4,0.185185185185185,0,0.666666666666667,0.148148148148148,83.7051416114725,2.19828036974213,443.516693366443,182.643830933784,2010-10-30
566,34,6,0,23,5,0.176470588235294,0,0.676470588235294,0.147058823529412,81.7423944708777,1.17765912864509,395.011855133496,160.88061224728,2010-11-06
567,16,3,0,10,3,0.1875,0,0.625,0.1875,77.1488909234616,0.599713701127062,364.036526682493,139.539920229777,2010-11-13
568,27,3,0,21,3,0.111111111111111,0,0.777777777777778,0.111111111111111,79.2991415740874,0.297253813518565,350.284954473511,118.280679233707,2010-11-20
569,17,2,0,9,6,0.117647058823529,0,0.529411764705882,0.352941176470588,76.507629911853,0.145147057916638,331.082902262045,98.5274174840568,2010-11-27
570,12,1,0,10,1,0.0833333333333333,0,0.833333333333333,0.0833333333333333,70.398757934011,0.0702736026624429,311.157287320355,81.8877164692815,2010-12-04
571,17,1,0,13,3,0.0588235294117647,0,0.764705882352941,0.176470588235294,60.9001947695863,0.0338558702505967,291.538187531865,74.5701637656273,2010-12-11
572,18,3,0,12,3,0.166666666666667,0,0.666666666666667,0.166666666666667,48.7383016879563,0.0162635975608447,263.284652708557,70.6663742395624,2010-12-18
573,10,1,1,7,1,0.1,0.1,0.7,0.1,28.9000712810812,0.00612067277452111,176.344826065525,43.6601777698631,2010-12-25
